nohup: ignoring input

  .   ____          _            __ _ _
 /\\ / ___'_ __ _ _(_)_ __  __ _ \ \ \ \
( ( )\___ | '_ | '_| | '_ \/ _` | \ \ \ \
 \\/  ___)| |_)| | | | | || (_| |  ) ) ) )
  '  |____| .__|_| |_|_| |_\__, | / / / /
 =========|_|==============|___/=/_/_/_/

 :: Spring Boot ::               (v3.5.14)

2026-05-27T12:44:03.988Z  INFO 9892 --- [plus33-api] [           main] c.plus33.europe.Plus33EuropeApplication  : Starting Plus33EuropeApplication v0.0.1-SNAPSHOT using Java 21.0.10 with PID 9892 (/home/vegambymuttikulangarai/plus33-Europe/target/plus33-europe-0.0.1-SNAPSHOT.jar started by vegambymuttikulangarai in /home/vegambymuttikulangarai/plus33-Europe)
2026-05-27T12:44:03.998Z  INFO 9892 --- [plus33-api] [           main] c.plus33.europe.Plus33EuropeApplication  : No active profile set, falling back to 1 default profile: "default"
2026-05-27T12:44:08.569Z  INFO 9892 --- [plus33-api] [           main] o.s.b.w.embedded.tomcat.TomcatWebServer  : Tomcat initialized with port 8080 (http)
2026-05-27T12:44:08.605Z  INFO 9892 --- [plus33-api] [           main] o.apache.catalina.core.StandardService   : Starting service [Tomcat]
2026-05-27T12:44:08.606Z  INFO 9892 --- [plus33-api] [           main] o.apache.catalina.core.StandardEngine    : Starting Servlet engine: [Apache Tomcat/10.1.54]
2026-05-27T12:44:08.673Z  INFO 9892 --- [plus33-api] [           main] o.a.c.c.C.[Tomcat].[localhost].[/]       : Initializing Spring embedded WebApplicationContext
2026-05-27T12:44:08.677Z  INFO 9892 --- [plus33-api] [           main] w.s.c.ServletWebServerApplicationContext : Root WebApplicationContext: initialization completed in 4500 ms
2026-05-27T12:44:09.335Z  INFO 9892 --- [plus33-api] [           main] o.s.b.a.w.s.WelcomePageHandlerMapping    : Adding welcome page: class path resource [static/index.html]
2026-05-27T12:44:09.913Z  INFO 9892 --- [plus33-api] [           main] o.s.b.a.e.web.EndpointLinksResolver      : Exposing 2 endpoints beneath base path '/actuator'
2026-05-27T12:44:10.799Z  WARN 9892 --- [plus33-api] [           main] ion$DefaultTemplateResolverConfiguration : Cannot find template location: classpath:/templates/ (please add some templates, check your Thymeleaf configuration, or set spring.thymeleaf.check-template-location=false)
2026-05-27T12:44:11.419Z  INFO 9892 --- [plus33-api] [           main] o.s.b.w.embedded.tomcat.TomcatWebServer  : Tomcat started on port 8080 (http) with context path '/'
2026-05-27T12:44:11.457Z  INFO 9892 --- [plus33-api] [           main] c.plus33.europe.Plus33EuropeApplication  : Started Plus33EuropeApplication in 8.885 seconds (process running for 10.338)
2026-05-27T12:46:19.268Z  INFO 9892 --- [plus33-api] [nio-8080-exec-1] o.a.c.c.C.[Tomcat].[localhost].[/]       : Initializing Spring DispatcherServlet 'dispatcherServlet'
2026-05-27T12:46:19.271Z  INFO 9892 --- [plus33-api] [nio-8080-exec-1] o.s.web.servlet.DispatcherServlet        : Initializing Servlet 'dispatcherServlet'
2026-05-27T12:46:19.279Z  INFO 9892 --- [plus33-api] [nio-8080-exec-1] o.s.web.servlet.DispatcherServlet        : Completed initialization in 8 ms
2026-05-27T13:04:27.185Z  INFO 9892 --- [plus33-api] [nio-8080-exec-6] o.apache.coyote.http11.Http11Processor   : Error parsing HTTP request header
 Note: further occurrences of HTTP request parsing errors will be logged at DEBUG level.

java.lang.IllegalArgumentException: Invalid character found in method name [0x160x030x010x000xf70x010x000x000xf30x030x030xa80x8c0x8d0xa50xae0x150xb00x9b0x1dK0x05G0x8a0xbee0x960x893>0xb5$:dQ0x990x83b0x900x9d0xb8L0x89 ]. HTTP method names must be tokens
	at org.apache.coyote.http11.Http11InputBuffer.parseRequestLine(Http11InputBuffer.java:402) ~[tomcat-embed-core-10.1.54.jar!/:na]
	at org.apache.coyote.http11.Http11Processor.service(Http11Processor.java:272) ~[tomcat-embed-core-10.1.54.jar!/:na]
	at org.apache.coyote.AbstractProcessorLight.process(AbstractProcessorLight.java:63) ~[tomcat-embed-core-10.1.54.jar!/:na]
	at org.apache.coyote.AbstractProtocol$ConnectionHandler.process(AbstractProtocol.java:903) ~[tomcat-embed-core-10.1.54.jar!/:na]
	at org.apache.tomcat.util.net.NioEndpoint$SocketProcessor.doRun(NioEndpoint.java:1797) ~[tomcat-embed-core-10.1.54.jar!/:na]
	at org.apache.tomcat.util.net.SocketProcessorBase.run(SocketProcessorBase.java:52) ~[tomcat-embed-core-10.1.54.jar!/:na]
	at org.apache.tomcat.util.threads.ThreadPoolExecutor.runWorker(ThreadPoolExecutor.java:973) ~[tomcat-embed-core-10.1.54.jar!/:na]
	at org.apache.tomcat.util.threads.ThreadPoolExecutor$Worker.run(ThreadPoolExecutor.java:491) ~[tomcat-embed-core-10.1.54.jar!/:na]
	at org.apache.tomcat.util.threads.TaskThread$WrappingRunnable.run(TaskThread.java:63) ~[tomcat-embed-core-10.1.54.jar!/:na]
	at java.base/java.lang.Thread.run(Thread.java:1583) ~[na:na]

2026-05-27T13:15:24.925Z  INFO 9892 --- [plus33-api] [nio-8080-exec-6] o.apache.coyote.http11.Http11Processor   : Error parsing HTTP request header
 Note: further occurrences of HTTP request parsing errors will be logged at DEBUG level.

java.lang.IllegalArgumentException: Invalid character found in method name [0x160x030x010x050xca0x010x000x050xc60x030x030x140xd90xc7d0xed0xda0xf10xf2!0xe10x08]0xba#X0x9f0x1e0x080xf2M0xf3q#0xfe0x0c0xbd90xc30x090x8b0x85M ]. HTTP method names must be tokens
	at org.apache.coyote.http11.Http11InputBuffer.parseRequestLine(Http11InputBuffer.java:402) ~[tomcat-embed-core-10.1.54.jar!/:na]
	at org.apache.coyote.http11.Http11Processor.service(Http11Processor.java:272) ~[tomcat-embed-core-10.1.54.jar!/:na]
	at org.apache.coyote.AbstractProcessorLight.process(AbstractProcessorLight.java:63) ~[tomcat-embed-core-10.1.54.jar!/:na]
	at org.apache.coyote.AbstractProtocol$ConnectionHandler.process(AbstractProtocol.java:903) ~[tomcat-embed-core-10.1.54.jar!/:na]
	at org.apache.tomcat.util.net.NioEndpoint$SocketProcessor.doRun(NioEndpoint.java:1797) ~[tomcat-embed-core-10.1.54.jar!/:na]
	at org.apache.tomcat.util.net.SocketProcessorBase.run(SocketProcessorBase.java:52) ~[tomcat-embed-core-10.1.54.jar!/:na]
	at org.apache.tomcat.util.threads.ThreadPoolExecutor.runWorker(ThreadPoolExecutor.java:973) ~[tomcat-embed-core-10.1.54.jar!/:na]
	at org.apache.tomcat.util.threads.ThreadPoolExecutor$Worker.run(ThreadPoolExecutor.java:491) ~[tomcat-embed-core-10.1.54.jar!/:na]
	at org.apache.tomcat.util.threads.TaskThread$WrappingRunnable.run(TaskThread.java:63) ~[tomcat-embed-core-10.1.54.jar!/:na]
	at java.base/java.lang.Thread.run(Thread.java:1583) ~[na:na]

2026-05-27T17:22:44.998Z  WARN 9892 --- [plus33-api] [nio-8080-exec-5] .w.s.m.s.DefaultHandlerExceptionResolver : Resolved [org.springframework.web.HttpRequestMethodNotSupportedException: Request method 'POST' is not supported]
2026-05-27T17:23:21.095Z  INFO 9892 --- [plus33-api] [nio-8080-exec-4] o.apache.coyote.http11.Http11Processor   : Error parsing HTTP request header
 Note: further occurrences of HTTP request parsing errors will be logged at DEBUG level.

java.lang.IllegalArgumentException: Invalid character found in the request target [/index.php?s=/index/\think\app/invokefunction&function=call_user_func_array&vars[0]=md5&vars[1][]=Hello ]. The valid characters are defined in RFC 7230 and RFC 3986
	at org.apache.coyote.http11.Http11InputBuffer.parseRequestLine(Http11InputBuffer.java:477) ~[tomcat-embed-core-10.1.54.jar!/:na]
	at org.apache.coyote.http11.Http11Processor.service(Http11Processor.java:272) ~[tomcat-embed-core-10.1.54.jar!/:na]
	at org.apache.coyote.AbstractProcessorLight.process(AbstractProcessorLight.java:63) ~[tomcat-embed-core-10.1.54.jar!/:na]
	at org.apache.coyote.AbstractProtocol$ConnectionHandler.process(AbstractProtocol.java:903) ~[tomcat-embed-core-10.1.54.jar!/:na]
	at org.apache.tomcat.util.net.NioEndpoint$SocketProcessor.doRun(NioEndpoint.java:1797) ~[tomcat-embed-core-10.1.54.jar!/:na]
	at org.apache.tomcat.util.net.SocketProcessorBase.run(SocketProcessorBase.java:52) ~[tomcat-embed-core-10.1.54.jar!/:na]
	at org.apache.tomcat.util.threads.ThreadPoolExecutor.runWorker(ThreadPoolExecutor.java:973) ~[tomcat-embed-core-10.1.54.jar!/:na]
	at org.apache.tomcat.util.threads.ThreadPoolExecutor$Worker.run(ThreadPoolExecutor.java:491) ~[tomcat-embed-core-10.1.54.jar!/:na]
	at org.apache.tomcat.util.threads.TaskThread$WrappingRunnable.run(TaskThread.java:63) ~[tomcat-embed-core-10.1.54.jar!/:na]
	at java.base/java.lang.Thread.run(Thread.java:1583) ~[na:na]

2026-05-27T20:50:45.201Z  INFO 9892 --- [plus33-api] [nio-8080-exec-7] o.apache.coyote.http11.Http11Processor   : Error parsing HTTP request header
 Note: further occurrences of HTTP request parsing errors will be logged at DEBUG level.

java.lang.IllegalArgumentException: Invalid character found in method name [0x160x030x010x000xea0x010x000x000xe60x030x03-0xf40x18:0x8f0x8d0xbf0xdc0xdf0xfb0xe42>.i0xef0x860xcc50x940xd90xd40x9fRs{0xc9G0xbe0x130x9e0xb3 ]. HTTP method names must be tokens
	at org.apache.coyote.http11.Http11InputBuffer.parseRequestLine(Http11InputBuffer.java:402) ~[tomcat-embed-core-10.1.54.jar!/:na]
	at org.apache.coyote.http11.Http11Processor.service(Http11Processor.java:272) ~[tomcat-embed-core-10.1.54.jar!/:na]
	at org.apache.coyote.AbstractProcessorLight.process(AbstractProcessorLight.java:63) ~[tomcat-embed-core-10.1.54.jar!/:na]
	at org.apache.coyote.AbstractProtocol$ConnectionHandler.process(AbstractProtocol.java:903) ~[tomcat-embed-core-10.1.54.jar!/:na]
	at org.apache.tomcat.util.net.NioEndpoint$SocketProcessor.doRun(NioEndpoint.java:1797) ~[tomcat-embed-core-10.1.54.jar!/:na]
	at org.apache.tomcat.util.net.SocketProcessorBase.run(SocketProcessorBase.java:52) ~[tomcat-embed-core-10.1.54.jar!/:na]
	at org.apache.tomcat.util.threads.ThreadPoolExecutor.runWorker(ThreadPoolExecutor.java:973) ~[tomcat-embed-core-10.1.54.jar!/:na]
	at org.apache.tomcat.util.threads.ThreadPoolExecutor$Worker.run(ThreadPoolExecutor.java:491) ~[tomcat-embed-core-10.1.54.jar!/:na]
	at org.apache.tomcat.util.threads.TaskThread$WrappingRunnable.run(TaskThread.java:63) ~[tomcat-embed-core-10.1.54.jar!/:na]
	at java.base/java.lang.Thread.run(Thread.java:1583) ~[na:na]

2026-05-28T02:33:29.571Z  WARN 9892 --- [plus33-api] [nio-8080-exec-6] .w.s.m.s.DefaultHandlerExceptionResolver : Resolved [org.springframework.web.HttpRequestMethodNotSupportedException: Request method 'POST' is not supported]
2026-05-28T02:44:24.930Z  WARN 9892 --- [plus33-api] [nio-8080-exec-9] .w.s.m.s.DefaultHandlerExceptionResolver : Resolved [org.springframework.web.HttpRequestMethodNotSupportedException: Request method 'POST' is not supported]
2026-05-28T02:46:12.488Z  WARN 9892 --- [plus33-api] [nio-8080-exec-1] .w.s.m.s.DefaultHandlerExceptionResolver : Resolved [org.springframework.web.HttpRequestMethodNotSupportedException: Request method 'POST' is not supported]
2026-05-28T03:40:54.176Z  WARN 9892 --- [plus33-api] [nio-8080-exec-6] .w.s.m.s.DefaultHandlerExceptionResolver : Resolved [org.springframework.web.HttpRequestMethodNotSupportedException: Request method 'POST' is not supported]
2026-05-28T03:41:31.850Z  WARN 9892 --- [plus33-api] [nio-8080-exec-6] .w.s.m.s.DefaultHandlerExceptionResolver : Resolved [org.springframework.web.HttpRequestMethodNotSupportedException: Request method 'POST' is not supported]
2026-05-28T04:32:24.877Z  INFO 9892 --- [plus33-api] [nio-8080-exec-2] o.apache.coyote.http11.Http11Processor   : Error parsing HTTP request header
 Note: further occurrences of HTTP request parsing errors will be logged at DEBUG level.

java.lang.IllegalArgumentException: Invalid character found in method name [0x160x030x010x00{0x010x000x00w0x030x03s0xcb0xfc)0xa70xff00x9cT0x080x1f0xed0x0bW0x0aTS0x0d0x850x150x1c50xeb?0xb3k0xa80x00Z0xe70x98)0x000x000x1a0xc0/0xc0+0xc00x110xc00x070xc00x130xc00x090xc00x140xc00x0a0x000x050x00/0x0050xc00x120x000x0a0x010x000x0040x000x050x000x050x010x000x000x000x000x000x0a0x000x080x000x060x000x170x000x180x000x190x000x0b0x000x020x010x000x000x0d0x000x100x000x0e0x040x010x040x030x020x010x020x030x040x010x050x010x060x010xff0x010x000x010x00...]. HTTP method names must be tokens
	at org.apache.coyote.http11.Http11InputBuffer.parseRequestLine(Http11InputBuffer.java:402) ~[tomcat-embed-core-10.1.54.jar!/:na]
	at org.apache.coyote.http11.Http11Processor.service(Http11Processor.java:272) ~[tomcat-embed-core-10.1.54.jar!/:na]
	at org.apache.coyote.AbstractProcessorLight.process(AbstractProcessorLight.java:63) ~[tomcat-embed-core-10.1.54.jar!/:na]
	at org.apache.coyote.AbstractProtocol$ConnectionHandler.process(AbstractProtocol.java:903) ~[tomcat-embed-core-10.1.54.jar!/:na]
	at org.apache.tomcat.util.net.NioEndpoint$SocketProcessor.doRun(NioEndpoint.java:1797) ~[tomcat-embed-core-10.1.54.jar!/:na]
	at org.apache.tomcat.util.net.SocketProcessorBase.run(SocketProcessorBase.java:52) ~[tomcat-embed-core-10.1.54.jar!/:na]
	at org.apache.tomcat.util.threads.ThreadPoolExecutor.runWorker(ThreadPoolExecutor.java:973) ~[tomcat-embed-core-10.1.54.jar!/:na]
	at org.apache.tomcat.util.threads.ThreadPoolExecutor$Worker.run(ThreadPoolExecutor.java:491) ~[tomcat-embed-core-10.1.54.jar!/:na]
	at org.apache.tomcat.util.threads.TaskThread$WrappingRunnable.run(TaskThread.java:63) ~[tomcat-embed-core-10.1.54.jar!/:na]
	at java.base/java.lang.Thread.run(Thread.java:1583) ~[na:na]

2026-05-28T05:54:21.637Z  WARN 9892 --- [plus33-api] [nio-8080-exec-8] .w.s.m.s.DefaultHandlerExceptionResolver : Resolved [org.springframework.web.HttpRequestMethodNotSupportedException: Request method 'POST' is not supported]
2026-05-28T08:16:40.301Z  WARN 9892 --- [plus33-api] [nio-8080-exec-1] .w.s.m.s.DefaultHandlerExceptionResolver : Resolved [org.springframework.web.HttpRequestMethodNotSupportedException: Request method 'POST' is not supported]
2026-05-28T11:01:11.405Z  WARN 9892 --- [plus33-api] [nio-8080-exec-1] .w.s.m.s.DefaultHandlerExceptionResolver : Resolved [org.springframework.web.HttpRequestMethodNotSupportedException: Request method 'POST' is not supported]
2026-05-28T11:55:16.377Z  WARN 9892 --- [plus33-api] [nio-8080-exec-7] .w.s.m.s.DefaultHandlerExceptionResolver : Resolved [org.springframework.web.HttpRequestMethodNotSupportedException: Request method 'POST' is not supported]
2026-05-28T12:03:55.198Z  WARN 9892 --- [plus33-api] [nio-8080-exec-3] .w.s.m.s.DefaultHandlerExceptionResolver : Resolved [org.springframework.web.HttpRequestMethodNotSupportedException: Request method 'POST' is not supported]
2026-05-28T12:03:55.376Z  WARN 9892 --- [plus33-api] [nio-8080-exec-8] .w.s.m.s.DefaultHandlerExceptionResolver : Resolved [org.springframework.web.HttpRequestMethodNotSupportedException: Request method 'POST' is not supported]
2026-05-28T12:03:55.530Z  WARN 9892 --- [plus33-api] [nio-8080-exec-6] .w.s.m.s.DefaultHandlerExceptionResolver : Resolved [org.springframework.web.HttpRequestMethodNotSupportedException: Request method 'POST' is not supported]
2026-05-28T12:03:56.205Z  WARN 9892 --- [plus33-api] [nio-8080-exec-2] .w.s.m.s.DefaultHandlerExceptionResolver : Resolved [org.springframework.web.HttpRequestMethodNotSupportedException: Request method 'POST' is not supported]
2026-05-28T13:35:05.111Z  WARN 9892 --- [plus33-api] [nio-8080-exec-1] .w.s.m.s.DefaultHandlerExceptionResolver : Resolved [org.springframework.web.HttpRequestMethodNotSupportedException: Request method 'POST' is not supported]
2026-05-28T13:35:05.781Z  WARN 9892 --- [plus33-api] [nio-8080-exec-5] .w.s.m.s.DefaultHandlerExceptionResolver : Resolved [org.springframework.web.HttpRequestMethodNotSupportedException: Request method 'POST' is not supported]
2026-05-28T13:35:06.106Z  WARN 9892 --- [plus33-api] [nio-8080-exec-4] .w.s.m.s.DefaultHandlerExceptionResolver : Resolved [org.springframework.web.HttpRequestMethodNotSupportedException: Request method 'POST' is not supported]
2026-05-28T13:35:06.977Z  WARN 9892 --- [plus33-api] [io-8080-exec-10] .w.s.m.s.DefaultHandlerExceptionResolver : Resolved [org.springframework.web.HttpRequestMethodNotSupportedException: Request method 'POST' is not supported]
2026-05-28T14:19:47.921Z  INFO 9892 --- [plus33-api] [nio-8080-exec-4] o.apache.coyote.http11.Http11Processor   : Error parsing HTTP request header
 Note: further occurrences of HTTP request parsing errors will be logged at DEBUG level.

java.lang.IllegalArgumentException: Invalid character found in method name [0x160x030x010x050xc20x010x000x050xbe0x030x030x850xa40xda0xca0x930xd2%0x9f0x080xc20xcd0x1c+0xce0x800xf30x07e0xd90xc3Pmk0xfa0x930xeb'0x080xfb0x030xces ]. HTTP method names must be tokens
	at org.apache.coyote.http11.Http11InputBuffer.parseRequestLine(Http11InputBuffer.java:402) ~[tomcat-embed-core-10.1.54.jar!/:na]
	at org.apache.coyote.http11.Http11Processor.service(Http11Processor.java:272) ~[tomcat-embed-core-10.1.54.jar!/:na]
	at org.apache.coyote.AbstractProcessorLight.process(AbstractProcessorLight.java:63) ~[tomcat-embed-core-10.1.54.jar!/:na]
	at org.apache.coyote.AbstractProtocol$ConnectionHandler.process(AbstractProtocol.java:903) ~[tomcat-embed-core-10.1.54.jar!/:na]
	at org.apache.tomcat.util.net.NioEndpoint$SocketProcessor.doRun(NioEndpoint.java:1797) ~[tomcat-embed-core-10.1.54.jar!/:na]
	at org.apache.tomcat.util.net.SocketProcessorBase.run(SocketProcessorBase.java:52) ~[tomcat-embed-core-10.1.54.jar!/:na]
	at org.apache.tomcat.util.threads.ThreadPoolExecutor.runWorker(ThreadPoolExecutor.java:973) ~[tomcat-embed-core-10.1.54.jar!/:na]
	at org.apache.tomcat.util.threads.ThreadPoolExecutor$Worker.run(ThreadPoolExecutor.java:491) ~[tomcat-embed-core-10.1.54.jar!/:na]
	at org.apache.tomcat.util.threads.TaskThread$WrappingRunnable.run(TaskThread.java:63) ~[tomcat-embed-core-10.1.54.jar!/:na]
	at java.base/java.lang.Thread.run(Thread.java:1583) ~[na:na]

2026-05-28T14:21:24.148Z  INFO 9892 --- [plus33-api] [nio-8080-exec-3] o.apache.coyote.http11.Http11Processor   : Error parsing HTTP request header
 Note: further occurrences of HTTP request parsing errors will be logged at DEBUG level.

java.lang.IllegalArgumentException: Invalid character found in method name [0x160x030x010x000xee0x010x000x000xea0x030x03L50xb50xc4>0xc1ih0x0c0xdc0x010xaa0xa3$v0x040x960xccQ(0xf70xeb4u0xbe0xce0x980xc1t0x9f7# ]. HTTP method names must be tokens
	at org.apache.coyote.http11.Http11InputBuffer.parseRequestLine(Http11InputBuffer.java:402) ~[tomcat-embed-core-10.1.54.jar!/:na]
	at org.apache.coyote.http11.Http11Processor.service(Http11Processor.java:272) ~[tomcat-embed-core-10.1.54.jar!/:na]
	at org.apache.coyote.AbstractProcessorLight.process(AbstractProcessorLight.java:63) ~[tomcat-embed-core-10.1.54.jar!/:na]
	at org.apache.coyote.AbstractProtocol$ConnectionHandler.process(AbstractProtocol.java:903) ~[tomcat-embed-core-10.1.54.jar!/:na]
	at org.apache.tomcat.util.net.NioEndpoint$SocketProcessor.doRun(NioEndpoint.java:1797) ~[tomcat-embed-core-10.1.54.jar!/:na]
	at org.apache.tomcat.util.net.SocketProcessorBase.run(SocketProcessorBase.java:52) ~[tomcat-embed-core-10.1.54.jar!/:na]
	at org.apache.tomcat.util.threads.ThreadPoolExecutor.runWorker(ThreadPoolExecutor.java:973) ~[tomcat-embed-core-10.1.54.jar!/:na]
	at org.apache.tomcat.util.threads.ThreadPoolExecutor$Worker.run(ThreadPoolExecutor.java:491) ~[tomcat-embed-core-10.1.54.jar!/:na]
	at org.apache.tomcat.util.threads.TaskThread$WrappingRunnable.run(TaskThread.java:63) ~[tomcat-embed-core-10.1.54.jar!/:na]
	at java.base/java.lang.Thread.run(Thread.java:1583) ~[na:na]

2026-05-28T15:37:59.453Z  WARN 9892 --- [plus33-api] [io-8080-exec-66] .w.s.m.s.DefaultHandlerExceptionResolver : Resolved [org.springframework.web.HttpRequestMethodNotSupportedException: Request method 'POST' is not supported]
2026-05-28T16:07:02.148Z  WARN 9892 --- [plus33-api] [io-8080-exec-11] .w.s.m.s.DefaultHandlerExceptionResolver : Resolved [org.springframework.web.HttpRequestMethodNotSupportedException: Request method 'POST' is not supported]
2026-05-28T19:20:55.354Z  INFO 9892 --- [plus33-api] [io-8080-exec-59] o.apache.coyote.http11.Http11Processor   : Error parsing HTTP request header
 Note: further occurrences of HTTP request parsing errors will be logged at DEBUG level.

java.lang.IllegalArgumentException: Invalid character found in method name [0x160x030x010x020x9b0x010x000x020x970x030x03\0xb20xc1Y0x030xca7G>0x080x1ek0xafQ0xfe0x9d0xc10xb00xb7a0xd60x89T0xea0x800xd90x9d0xddN0xf90xc00xbc ]. HTTP method names must be tokens
	at org.apache.coyote.http11.Http11InputBuffer.parseRequestLine(Http11InputBuffer.java:402) ~[tomcat-embed-core-10.1.54.jar!/:na]
	at org.apache.coyote.http11.Http11Processor.service(Http11Processor.java:272) ~[tomcat-embed-core-10.1.54.jar!/:na]
	at org.apache.coyote.AbstractProcessorLight.process(AbstractProcessorLight.java:63) ~[tomcat-embed-core-10.1.54.jar!/:na]
	at org.apache.coyote.AbstractProtocol$ConnectionHandler.process(AbstractProtocol.java:903) ~[tomcat-embed-core-10.1.54.jar!/:na]
	at org.apache.tomcat.util.net.NioEndpoint$SocketProcessor.doRun(NioEndpoint.java:1797) ~[tomcat-embed-core-10.1.54.jar!/:na]
	at org.apache.tomcat.util.net.SocketProcessorBase.run(SocketProcessorBase.java:52) ~[tomcat-embed-core-10.1.54.jar!/:na]
	at org.apache.tomcat.util.threads.ThreadPoolExecutor.runWorker(ThreadPoolExecutor.java:973) ~[tomcat-embed-core-10.1.54.jar!/:na]
	at org.apache.tomcat.util.threads.ThreadPoolExecutor$Worker.run(ThreadPoolExecutor.java:491) ~[tomcat-embed-core-10.1.54.jar!/:na]
	at org.apache.tomcat.util.threads.TaskThread$WrappingRunnable.run(TaskThread.java:63) ~[tomcat-embed-core-10.1.54.jar!/:na]
	at java.base/java.lang.Thread.run(Thread.java:1583) ~[na:na]

2026-05-28T19:44:32.555Z  INFO 9892 --- [plus33-api] [io-8080-exec-67] o.apache.coyote.http11.Http11Processor   : Error parsing HTTP request header
 Note: further occurrences of HTTP request parsing errors will be logged at DEBUG level.

java.lang.IllegalArgumentException: Invalid character found in method name [0x160x030x010x000xee0x010x000x000xea0x030x030xd000x950xceq0xf30xe30x870x1d.0x100x87*0x820xc9]0x93R0x090xfe7!}0xdc0x0b0x100x1b0x950xda0xb6-0xd9 ]. HTTP method names must be tokens
	at org.apache.coyote.http11.Http11InputBuffer.parseRequestLine(Http11InputBuffer.java:402) ~[tomcat-embed-core-10.1.54.jar!/:na]
	at org.apache.coyote.http11.Http11Processor.service(Http11Processor.java:272) ~[tomcat-embed-core-10.1.54.jar!/:na]
	at org.apache.coyote.AbstractProcessorLight.process(AbstractProcessorLight.java:63) ~[tomcat-embed-core-10.1.54.jar!/:na]
	at org.apache.coyote.AbstractProtocol$ConnectionHandler.process(AbstractProtocol.java:903) ~[tomcat-embed-core-10.1.54.jar!/:na]
	at org.apache.tomcat.util.net.NioEndpoint$SocketProcessor.doRun(NioEndpoint.java:1797) ~[tomcat-embed-core-10.1.54.jar!/:na]
	at org.apache.tomcat.util.net.SocketProcessorBase.run(SocketProcessorBase.java:52) ~[tomcat-embed-core-10.1.54.jar!/:na]
	at org.apache.tomcat.util.threads.ThreadPoolExecutor.runWorker(ThreadPoolExecutor.java:973) ~[tomcat-embed-core-10.1.54.jar!/:na]
	at org.apache.tomcat.util.threads.ThreadPoolExecutor$Worker.run(ThreadPoolExecutor.java:491) ~[tomcat-embed-core-10.1.54.jar!/:na]
	at org.apache.tomcat.util.threads.TaskThread$WrappingRunnable.run(TaskThread.java:63) ~[tomcat-embed-core-10.1.54.jar!/:na]
	at java.base/java.lang.Thread.run(Thread.java:1583) ~[na:na]

2026-05-28T20:56:42.328Z  INFO 9892 --- [plus33-api] [io-8080-exec-67] o.apache.coyote.http11.Http11Processor   : Error parsing HTTP request header
 Note: further occurrences of HTTP request parsing errors will be logged at DEBUG level.

java.lang.IllegalArgumentException: Invalid character found in method name [0x160x030x010x000xfd0x010x000x000xf90x030x030x9b0x1c0xa2+0xc30xe20x000xeet0xc20xcd0x9f_ ]. HTTP method names must be tokens
	at org.apache.coyote.http11.Http11InputBuffer.parseRequestLine(Http11InputBuffer.java:402) ~[tomcat-embed-core-10.1.54.jar!/:na]
	at org.apache.coyote.http11.Http11Processor.service(Http11Processor.java:272) ~[tomcat-embed-core-10.1.54.jar!/:na]
	at org.apache.coyote.AbstractProcessorLight.process(AbstractProcessorLight.java:63) ~[tomcat-embed-core-10.1.54.jar!/:na]
	at org.apache.coyote.AbstractProtocol$ConnectionHandler.process(AbstractProtocol.java:903) ~[tomcat-embed-core-10.1.54.jar!/:na]
	at org.apache.tomcat.util.net.NioEndpoint$SocketProcessor.doRun(NioEndpoint.java:1797) ~[tomcat-embed-core-10.1.54.jar!/:na]
	at org.apache.tomcat.util.net.SocketProcessorBase.run(SocketProcessorBase.java:52) ~[tomcat-embed-core-10.1.54.jar!/:na]
	at org.apache.tomcat.util.threads.ThreadPoolExecutor.runWorker(ThreadPoolExecutor.java:973) ~[tomcat-embed-core-10.1.54.jar!/:na]
	at org.apache.tomcat.util.threads.ThreadPoolExecutor$Worker.run(ThreadPoolExecutor.java:491) ~[tomcat-embed-core-10.1.54.jar!/:na]
	at org.apache.tomcat.util.threads.TaskThread$WrappingRunnable.run(TaskThread.java:63) ~[tomcat-embed-core-10.1.54.jar!/:na]
	at java.base/java.lang.Thread.run(Thread.java:1583) ~[na:na]

2026-05-28T21:29:39.426Z  WARN 9892 --- [plus33-api] [io-8080-exec-68] .w.s.m.s.DefaultHandlerExceptionResolver : Resolved [org.springframework.web.HttpRequestMethodNotSupportedException: Request method 'POST' is not supported]
2026-05-28T23:28:10.756Z  INFO 9892 --- [plus33-api] [io-8080-exec-28] o.apache.coyote.http11.Http11Processor   : Error parsing HTTP request header
 Note: further occurrences of HTTP request parsing errors will be logged at DEBUG level.

java.lang.IllegalArgumentException: Invalid character found in method name [0x160x030x010x000xea0x010x000x000xe60x030x030xd10xdfz$0xc50x9cf#0xbf0xd80x010xd40xf90xcf0xbd0xfb0x030xd80x90X!wE0xedtP8{0xe30x970x930x86 ]. HTTP method names must be tokens
	at org.apache.coyote.http11.Http11InputBuffer.parseRequestLine(Http11InputBuffer.java:402) ~[tomcat-embed-core-10.1.54.jar!/:na]
	at org.apache.coyote.http11.Http11Processor.service(Http11Processor.java:272) ~[tomcat-embed-core-10.1.54.jar!/:na]
	at org.apache.coyote.AbstractProcessorLight.process(AbstractProcessorLight.java:63) ~[tomcat-embed-core-10.1.54.jar!/:na]
	at org.apache.coyote.AbstractProtocol$ConnectionHandler.process(AbstractProtocol.java:903) ~[tomcat-embed-core-10.1.54.jar!/:na]
	at org.apache.tomcat.util.net.NioEndpoint$SocketProcessor.doRun(NioEndpoint.java:1797) ~[tomcat-embed-core-10.1.54.jar!/:na]
	at org.apache.tomcat.util.net.SocketProcessorBase.run(SocketProcessorBase.java:52) ~[tomcat-embed-core-10.1.54.jar!/:na]
	at org.apache.tomcat.util.threads.ThreadPoolExecutor.runWorker(ThreadPoolExecutor.java:973) ~[tomcat-embed-core-10.1.54.jar!/:na]
	at org.apache.tomcat.util.threads.ThreadPoolExecutor$Worker.run(ThreadPoolExecutor.java:491) ~[tomcat-embed-core-10.1.54.jar!/:na]
	at org.apache.tomcat.util.threads.TaskThread$WrappingRunnable.run(TaskThread.java:63) ~[tomcat-embed-core-10.1.54.jar!/:na]
	at java.base/java.lang.Thread.run(Thread.java:1583) ~[na:na]

2026-05-28T23:28:10.754Z  INFO 9892 --- [plus33-api] [io-8080-exec-71] o.apache.coyote.http11.Http11Processor   : Error parsing HTTP request header
 Note: further occurrences of HTTP request parsing errors will be logged at DEBUG level.

java.lang.IllegalArgumentException: Invalid character found in method name [0x160x030x010x000xea0x010x000x000xe60x030x03.+0xd6U0x070x16=0xce.0xa00xf20xc90xd9*0xcb0xc9P0xa9`Oq0xac90x080x1b0xc40x8c#0xd3#0x1b0xc4 ]. HTTP method names must be tokens
	at org.apache.coyote.http11.Http11InputBuffer.parseRequestLine(Http11InputBuffer.java:402) ~[tomcat-embed-core-10.1.54.jar!/:na]
	at org.apache.coyote.http11.Http11Processor.service(Http11Processor.java:272) ~[tomcat-embed-core-10.1.54.jar!/:na]
	at org.apache.coyote.AbstractProcessorLight.process(AbstractProcessorLight.java:63) ~[tomcat-embed-core-10.1.54.jar!/:na]
	at org.apache.coyote.AbstractProtocol$ConnectionHandler.process(AbstractProtocol.java:903) ~[tomcat-embed-core-10.1.54.jar!/:na]
	at org.apache.tomcat.util.net.NioEndpoint$SocketProcessor.doRun(NioEndpoint.java:1797) ~[tomcat-embed-core-10.1.54.jar!/:na]
	at org.apache.tomcat.util.net.SocketProcessorBase.run(SocketProcessorBase.java:52) ~[tomcat-embed-core-10.1.54.jar!/:na]
	at org.apache.tomcat.util.threads.ThreadPoolExecutor.runWorker(ThreadPoolExecutor.java:973) ~[tomcat-embed-core-10.1.54.jar!/:na]
	at org.apache.tomcat.util.threads.ThreadPoolExecutor$Worker.run(ThreadPoolExecutor.java:491) ~[tomcat-embed-core-10.1.54.jar!/:na]
	at org.apache.tomcat.util.threads.TaskThread$WrappingRunnable.run(TaskThread.java:63) ~[tomcat-embed-core-10.1.54.jar!/:na]
	at java.base/java.lang.Thread.run(Thread.java:1583) ~[na:na]

2026-05-28T23:28:10.773Z  INFO 9892 --- [plus33-api] [io-8080-exec-73] o.apache.coyote.http11.Http11Processor   : Error parsing HTTP request header
 Note: further occurrences of HTTP request parsing errors will be logged at DEBUG level.

java.lang.IllegalArgumentException: Invalid character found in method name [0x160x030x010x000xea0x010x000x000xe60x030x030xfd0xad0x110xbf0xd90x06D0xb70xaf0x8c0xa20xf20x08A0x900xbb0xcf0xab0xec0x150x94:X0xe60xdb0x1d0xe50xe50xd00xe70x8c0x80 ]. HTTP method names must be tokens
	at org.apache.coyote.http11.Http11InputBuffer.parseRequestLine(Http11InputBuffer.java:402) ~[tomcat-embed-core-10.1.54.jar!/:na]
	at org.apache.coyote.http11.Http11Processor.service(Http11Processor.java:272) ~[tomcat-embed-core-10.1.54.jar!/:na]
	at org.apache.coyote.AbstractProcessorLight.process(AbstractProcessorLight.java:63) ~[tomcat-embed-core-10.1.54.jar!/:na]
	at org.apache.coyote.AbstractProtocol$ConnectionHandler.process(AbstractProtocol.java:903) ~[tomcat-embed-core-10.1.54.jar!/:na]
	at org.apache.tomcat.util.net.NioEndpoint$SocketProcessor.doRun(NioEndpoint.java:1797) ~[tomcat-embed-core-10.1.54.jar!/:na]
	at org.apache.tomcat.util.net.SocketProcessorBase.run(SocketProcessorBase.java:52) ~[tomcat-embed-core-10.1.54.jar!/:na]
	at org.apache.tomcat.util.threads.ThreadPoolExecutor.runWorker(ThreadPoolExecutor.java:973) ~[tomcat-embed-core-10.1.54.jar!/:na]
	at org.apache.tomcat.util.threads.ThreadPoolExecutor$Worker.run(ThreadPoolExecutor.java:491) ~[tomcat-embed-core-10.1.54.jar!/:na]
	at org.apache.tomcat.util.threads.TaskThread$WrappingRunnable.run(TaskThread.java:63) ~[tomcat-embed-core-10.1.54.jar!/:na]
	at java.base/java.lang.Thread.run(Thread.java:1583) ~[na:na]

2026-05-28T23:28:10.754Z  INFO 9892 --- [plus33-api] [io-8080-exec-67] o.apache.coyote.http11.Http11Processor   : Error parsing HTTP request header
 Note: further occurrences of HTTP request parsing errors will be logged at DEBUG level.

java.lang.IllegalArgumentException: Invalid character found in method name [0x160x030x010x000xea0x010x000x000xe60x030x03g0x820xf3$0xddK0xc40xa10xc0&0xdcB0xaf0xbe0x930xa5-0x100x9a0x1d0xf80x020xb60xc20xb8K0x800x07/0xbd0xe00xf0 ]. HTTP method names must be tokens
	at org.apache.coyote.http11.Http11InputBuffer.parseRequestLine(Http11InputBuffer.java:402) ~[tomcat-embed-core-10.1.54.jar!/:na]
	at org.apache.coyote.http11.Http11Processor.service(Http11Processor.java:272) ~[tomcat-embed-core-10.1.54.jar!/:na]
	at org.apache.coyote.AbstractProcessorLight.process(AbstractProcessorLight.java:63) ~[tomcat-embed-core-10.1.54.jar!/:na]
	at org.apache.coyote.AbstractProtocol$ConnectionHandler.process(AbstractProtocol.java:903) ~[tomcat-embed-core-10.1.54.jar!/:na]
	at org.apache.tomcat.util.net.NioEndpoint$SocketProcessor.doRun(NioEndpoint.java:1797) ~[tomcat-embed-core-10.1.54.jar!/:na]
	at org.apache.tomcat.util.net.SocketProcessorBase.run(SocketProcessorBase.java:52) ~[tomcat-embed-core-10.1.54.jar!/:na]
	at org.apache.tomcat.util.threads.ThreadPoolExecutor.runWorker(ThreadPoolExecutor.java:973) ~[tomcat-embed-core-10.1.54.jar!/:na]
	at org.apache.tomcat.util.threads.ThreadPoolExecutor$Worker.run(ThreadPoolExecutor.java:491) ~[tomcat-embed-core-10.1.54.jar!/:na]
	at org.apache.tomcat.util.threads.TaskThread$WrappingRunnable.run(TaskThread.java:63) ~[tomcat-embed-core-10.1.54.jar!/:na]
	at java.base/java.lang.Thread.run(Thread.java:1583) ~[na:na]

2026-05-28T23:28:10.763Z  INFO 9892 --- [plus33-api] [io-8080-exec-37] o.apache.coyote.http11.Http11Processor   : Error parsing HTTP request header
 Note: further occurrences of HTTP request parsing errors will be logged at DEBUG level.

java.lang.IllegalArgumentException: Invalid character found in method name [0x160x030x010x000xea0x010x000x000xe60x030x030x820xfd0xf30xc70x9280xf00xcd<UFSu0xc40xe90xe2~0xfc0x810x150x96Q0x8e0x8d8N\0x930xb80xb9(0xee ]. HTTP method names must be tokens
	at org.apache.coyote.http11.Http11InputBuffer.parseRequestLine(Http11InputBuffer.java:402) ~[tomcat-embed-core-10.1.54.jar!/:na]
	at org.apache.coyote.http11.Http11Processor.service(Http11Processor.java:272) ~[tomcat-embed-core-10.1.54.jar!/:na]
	at org.apache.coyote.AbstractProcessorLight.process(AbstractProcessorLight.java:63) ~[tomcat-embed-core-10.1.54.jar!/:na]
	at org.apache.coyote.AbstractProtocol$ConnectionHandler.process(AbstractProtocol.java:903) ~[tomcat-embed-core-10.1.54.jar!/:na]
	at org.apache.tomcat.util.net.NioEndpoint$SocketProcessor.doRun(NioEndpoint.java:1797) ~[tomcat-embed-core-10.1.54.jar!/:na]
	at org.apache.tomcat.util.net.SocketProcessorBase.run(SocketProcessorBase.java:52) ~[tomcat-embed-core-10.1.54.jar!/:na]
	at org.apache.tomcat.util.threads.ThreadPoolExecutor.runWorker(ThreadPoolExecutor.java:973) ~[tomcat-embed-core-10.1.54.jar!/:na]
	at org.apache.tomcat.util.threads.ThreadPoolExecutor$Worker.run(ThreadPoolExecutor.java:491) ~[tomcat-embed-core-10.1.54.jar!/:na]
	at org.apache.tomcat.util.threads.TaskThread$WrappingRunnable.run(TaskThread.java:63) ~[tomcat-embed-core-10.1.54.jar!/:na]
	at java.base/java.lang.Thread.run(Thread.java:1583) ~[na:na]

2026-05-28T23:28:10.756Z  INFO 9892 --- [plus33-api] [io-8080-exec-79] o.apache.coyote.http11.Http11Processor   : Error parsing HTTP request header
 Note: further occurrences of HTTP request parsing errors will be logged at DEBUG level.

java.lang.IllegalArgumentException: Invalid character found in method name [0x160x030x010x000xea0x010x000x000xe60x030x0310x890x8b0xf7E0x87\}0x95#0x890x19l0xb20xb60xd20xf60xdc0xa8P7e0xf20xd5O0xeb0x190xd8$0x9b0x9a0x16 ]. HTTP method names must be tokens
	at org.apache.coyote.http11.Http11InputBuffer.parseRequestLine(Http11InputBuffer.java:402) ~[tomcat-embed-core-10.1.54.jar!/:na]
	at org.apache.coyote.http11.Http11Processor.service(Http11Processor.java:272) ~[tomcat-embed-core-10.1.54.jar!/:na]
	at org.apache.coyote.AbstractProcessorLight.process(AbstractProcessorLight.java:63) ~[tomcat-embed-core-10.1.54.jar!/:na]
	at org.apache.coyote.AbstractProtocol$ConnectionHandler.process(AbstractProtocol.java:903) ~[tomcat-embed-core-10.1.54.jar!/:na]
	at org.apache.tomcat.util.net.NioEndpoint$SocketProcessor.doRun(NioEndpoint.java:1797) ~[tomcat-embed-core-10.1.54.jar!/:na]
	at org.apache.tomcat.util.net.SocketProcessorBase.run(SocketProcessorBase.java:52) ~[tomcat-embed-core-10.1.54.jar!/:na]
	at org.apache.tomcat.util.threads.ThreadPoolExecutor.runWorker(ThreadPoolExecutor.java:973) ~[tomcat-embed-core-10.1.54.jar!/:na]
	at org.apache.tomcat.util.threads.ThreadPoolExecutor$Worker.run(ThreadPoolExecutor.java:491) ~[tomcat-embed-core-10.1.54.jar!/:na]
	at org.apache.tomcat.util.threads.TaskThread$WrappingRunnable.run(TaskThread.java:63) ~[tomcat-embed-core-10.1.54.jar!/:na]
	at java.base/java.lang.Thread.run(Thread.java:1583) ~[na:na]

2026-05-29T00:45:30.587Z  WARN 9892 --- [plus33-api] [io-8080-exec-71] .w.s.m.s.DefaultHandlerExceptionResolver : Resolved [org.springframework.web.HttpRequestMethodNotSupportedException: Request method 'POST' is not supported]
2026-05-29T01:10:25.058Z  WARN 9892 --- [plus33-api] [io-8080-exec-24] o.s.w.s.resource.ResourceHandlerUtils    : "Path contains "../" after call to StringUtils#cleanPath: [static../var/www/html/.env]"
2026-05-29T03:23:31.617Z  WARN 9892 --- [plus33-api] [io-8080-exec-73] .w.s.m.s.DefaultHandlerExceptionResolver : Resolved [org.springframework.web.HttpRequestMethodNotSupportedException: Request method 'POST' is not supported]
2026-05-29T05:35:20.183Z  INFO 9892 --- [plus33-api] [io-8080-exec-66] o.apache.coyote.http11.Http11Processor   : Error parsing HTTP request header
 Note: further occurrences of HTTP request parsing errors will be logged at DEBUG level.

java.lang.IllegalArgumentException: Invalid character found in method name [0x160x030x010x000xea0x010x000x000xe60x030x030xc70xf50xbf0xb10xc80x980xf10xa7e0xac0xb00xad0xac0xfdWp0xf5G0x800xb10xdb0xc50x14tk0xa60xbe0xfb0xba0xad0x810xea ]. HTTP method names must be tokens
	at org.apache.coyote.http11.Http11InputBuffer.parseRequestLine(Http11InputBuffer.java:402) ~[tomcat-embed-core-10.1.54.jar!/:na]
	at org.apache.coyote.http11.Http11Processor.service(Http11Processor.java:272) ~[tomcat-embed-core-10.1.54.jar!/:na]
	at org.apache.coyote.AbstractProcessorLight.process(AbstractProcessorLight.java:63) ~[tomcat-embed-core-10.1.54.jar!/:na]
	at org.apache.coyote.AbstractProtocol$ConnectionHandler.process(AbstractProtocol.java:903) ~[tomcat-embed-core-10.1.54.jar!/:na]
	at org.apache.tomcat.util.net.NioEndpoint$SocketProcessor.doRun(NioEndpoint.java:1797) ~[tomcat-embed-core-10.1.54.jar!/:na]
	at org.apache.tomcat.util.net.SocketProcessorBase.run(SocketProcessorBase.java:52) ~[tomcat-embed-core-10.1.54.jar!/:na]
	at org.apache.tomcat.util.threads.ThreadPoolExecutor.runWorker(ThreadPoolExecutor.java:973) ~[tomcat-embed-core-10.1.54.jar!/:na]
	at org.apache.tomcat.util.threads.ThreadPoolExecutor$Worker.run(ThreadPoolExecutor.java:491) ~[tomcat-embed-core-10.1.54.jar!/:na]
	at org.apache.tomcat.util.threads.TaskThread$WrappingRunnable.run(TaskThread.java:63) ~[tomcat-embed-core-10.1.54.jar!/:na]
	at java.base/java.lang.Thread.run(Thread.java:1583) ~[na:na]

2026-05-29T05:35:20.279Z  INFO 9892 --- [plus33-api] [io-8080-exec-37] o.apache.coyote.http11.Http11Processor   : Error parsing HTTP request header
 Note: further occurrences of HTTP request parsing errors will be logged at DEBUG level.

java.lang.IllegalArgumentException: Invalid character found in method name [0x160x030x010x000xea0x010x000x000xe60x030x030xdb0x1fD0xb8?0xc40x92<E0xd40x840x1d0xd40xc30xd60xb30x08f0x00{;-0xb50x870x89F<h0xe7z0xb9i ]. HTTP method names must be tokens
	at org.apache.coyote.http11.Http11InputBuffer.parseRequestLine(Http11InputBuffer.java:402) ~[tomcat-embed-core-10.1.54.jar!/:na]
	at org.apache.coyote.http11.Http11Processor.service(Http11Processor.java:272) ~[tomcat-embed-core-10.1.54.jar!/:na]
	at org.apache.coyote.AbstractProcessorLight.process(AbstractProcessorLight.java:63) ~[tomcat-embed-core-10.1.54.jar!/:na]
	at org.apache.coyote.AbstractProtocol$ConnectionHandler.process(AbstractProtocol.java:903) ~[tomcat-embed-core-10.1.54.jar!/:na]
	at org.apache.tomcat.util.net.NioEndpoint$SocketProcessor.doRun(NioEndpoint.java:1797) ~[tomcat-embed-core-10.1.54.jar!/:na]
	at org.apache.tomcat.util.net.SocketProcessorBase.run(SocketProcessorBase.java:52) ~[tomcat-embed-core-10.1.54.jar!/:na]
	at org.apache.tomcat.util.threads.ThreadPoolExecutor.runWorker(ThreadPoolExecutor.java:973) ~[tomcat-embed-core-10.1.54.jar!/:na]
	at org.apache.tomcat.util.threads.ThreadPoolExecutor$Worker.run(ThreadPoolExecutor.java:491) ~[tomcat-embed-core-10.1.54.jar!/:na]
	at org.apache.tomcat.util.threads.TaskThread$WrappingRunnable.run(TaskThread.java:63) ~[tomcat-embed-core-10.1.54.jar!/:na]
	at java.base/java.lang.Thread.run(Thread.java:1583) ~[na:na]

2026-05-29T05:37:15.759Z  INFO 9892 --- [plus33-api] [io-8080-exec-80] o.apache.coyote.http11.Http11Processor   : Error parsing HTTP request header
 Note: further occurrences of HTTP request parsing errors will be logged at DEBUG level.

java.lang.IllegalArgumentException: Invalid character found in method name [0x160x030x010x000xee0x010x000x000xea0x030x030xb70xb40x95?M0xef_0x870xda0x160xb20x9ff0xedK0x970x1c^J0xf70xe30x8cC0x95J,0x9489{P0x01 ]. HTTP method names must be tokens
	at org.apache.coyote.http11.Http11InputBuffer.parseRequestLine(Http11InputBuffer.java:402) ~[tomcat-embed-core-10.1.54.jar!/:na]
	at org.apache.coyote.http11.Http11Processor.service(Http11Processor.java:272) ~[tomcat-embed-core-10.1.54.jar!/:na]
	at org.apache.coyote.AbstractProcessorLight.process(AbstractProcessorLight.java:63) ~[tomcat-embed-core-10.1.54.jar!/:na]
	at org.apache.coyote.AbstractProtocol$ConnectionHandler.process(AbstractProtocol.java:903) ~[tomcat-embed-core-10.1.54.jar!/:na]
	at org.apache.tomcat.util.net.NioEndpoint$SocketProcessor.doRun(NioEndpoint.java:1797) ~[tomcat-embed-core-10.1.54.jar!/:na]
	at org.apache.tomcat.util.net.SocketProcessorBase.run(SocketProcessorBase.java:52) ~[tomcat-embed-core-10.1.54.jar!/:na]
	at org.apache.tomcat.util.threads.ThreadPoolExecutor.runWorker(ThreadPoolExecutor.java:973) ~[tomcat-embed-core-10.1.54.jar!/:na]
	at org.apache.tomcat.util.threads.ThreadPoolExecutor$Worker.run(ThreadPoolExecutor.java:491) ~[tomcat-embed-core-10.1.54.jar!/:na]
	at org.apache.tomcat.util.threads.TaskThread$WrappingRunnable.run(TaskThread.java:63) ~[tomcat-embed-core-10.1.54.jar!/:na]
	at java.base/java.lang.Thread.run(Thread.java:1583) ~[na:na]

2026-05-29T06:07:25.178Z  WARN 9892 --- [plus33-api] [io-8080-exec-80] .w.s.m.s.DefaultHandlerExceptionResolver : Resolved [org.springframework.web.HttpRequestMethodNotSupportedException: Request method 'POST' is not supported]
2026-05-29T07:15:43.985Z  WARN 9892 --- [plus33-api] [io-8080-exec-89] .w.s.m.s.DefaultHandlerExceptionResolver : Resolved [org.springframework.web.HttpRequestMethodNotSupportedException: Request method 'POST' is not supported]
2026-05-29T11:13:29.057Z  WARN 9892 --- [plus33-api] [io-8080-exec-80] .w.s.m.s.DefaultHandlerExceptionResolver : Resolved [org.springframework.web.HttpRequestMethodNotSupportedException: Request method 'POST' is not supported]
2026-05-29T14:34:22.897Z  WARN 9892 --- [plus33-api] [io-8080-exec-89] .w.s.m.s.DefaultHandlerExceptionResolver : Resolved [org.springframework.web.HttpRequestMethodNotSupportedException: Request method 'POST' is not supported]
2026-05-29T15:04:28.972Z  WARN 9892 --- [plus33-api] [io-8080-exec-91] .w.s.m.s.DefaultHandlerExceptionResolver : Resolved [org.springframework.web.HttpRequestMethodNotSupportedException: Request method 'POST' is not supported]
2026-05-29T17:38:24.050Z  WARN 9892 --- [plus33-api] [io-8080-exec-91] .w.s.m.s.DefaultHandlerExceptionResolver : Resolved [org.springframework.web.HttpRequestMethodNotSupportedException: Request method 'POST' is not supported]
2026-05-29T18:27:12.413Z  WARN 9892 --- [plus33-api] [io-8080-exec-80] .w.s.m.s.DefaultHandlerExceptionResolver : Resolved [org.springframework.web.HttpRequestMethodNotSupportedException: Request method 'POST' is not supported]
2026-05-29T18:31:24.481Z  WARN 9892 --- [plus33-api] [io-8080-exec-91] .w.s.m.s.DefaultHandlerExceptionResolver : Resolved [org.springframework.web.HttpRequestMethodNotSupportedException: Request method 'POST' is not supported]
2026-05-29T18:42:02.213Z  WARN 9892 --- [plus33-api] [io-8080-exec-90] .w.s.m.s.DefaultHandlerExceptionResolver : Resolved [org.springframework.web.HttpRequestMethodNotSupportedException: Request method 'POST' is not supported]
2026-05-29T20:36:42.007Z  WARN 9892 --- [plus33-api] [io-8080-exec-73] .w.s.m.s.DefaultHandlerExceptionResolver : Resolved [org.springframework.web.HttpRequestMethodNotSupportedException: Request method 'POST' is not supported]
2026-05-29T20:43:35.891Z  WARN 9892 --- [plus33-api] [io-8080-exec-90] .w.s.m.s.DefaultHandlerExceptionResolver : Resolved [org.springframework.web.HttpRequestMethodNotSupportedException: Request method 'POST' is not supported]
2026-05-29T22:00:57.673Z  WARN 9892 --- [plus33-api] [io-8080-exec-80] .w.s.m.s.DefaultHandlerExceptionResolver : Resolved [org.springframework.web.HttpRequestMethodNotSupportedException: Request method 'POST' is not supported]
2026-05-29T23:44:23.480Z  INFO 9892 --- [plus33-api] [io-8080-exec-85] o.apache.coyote.http11.Http11Processor   : Error parsing HTTP request header
 Note: further occurrences of HTTP request parsing errors will be logged at DEBUG level.

java.lang.IllegalArgumentException: Invalid character found in method name [0x160x030x010x000xee0x010x000x000xea0x030x030xf0f0xf20x950xddw0x940xd80xe20xf40xee0xe70xceXh0xd80xa60x9c+0x0b0xa30xb80xcb0x82BD0x0f0x8a"s[0xd1 ]. HTTP method names must be tokens
	at org.apache.coyote.http11.Http11InputBuffer.parseRequestLine(Http11InputBuffer.java:402) ~[tomcat-embed-core-10.1.54.jar!/:na]
	at org.apache.coyote.http11.Http11Processor.service(Http11Processor.java:272) ~[tomcat-embed-core-10.1.54.jar!/:na]
	at org.apache.coyote.AbstractProcessorLight.process(AbstractProcessorLight.java:63) ~[tomcat-embed-core-10.1.54.jar!/:na]
	at org.apache.coyote.AbstractProtocol$ConnectionHandler.process(AbstractProtocol.java:903) ~[tomcat-embed-core-10.1.54.jar!/:na]
	at org.apache.tomcat.util.net.NioEndpoint$SocketProcessor.doRun(NioEndpoint.java:1797) ~[tomcat-embed-core-10.1.54.jar!/:na]
	at org.apache.tomcat.util.net.SocketProcessorBase.run(SocketProcessorBase.java:52) ~[tomcat-embed-core-10.1.54.jar!/:na]
	at org.apache.tomcat.util.threads.ThreadPoolExecutor.runWorker(ThreadPoolExecutor.java:973) ~[tomcat-embed-core-10.1.54.jar!/:na]
	at org.apache.tomcat.util.threads.ThreadPoolExecutor$Worker.run(ThreadPoolExecutor.java:491) ~[tomcat-embed-core-10.1.54.jar!/:na]
	at org.apache.tomcat.util.threads.TaskThread$WrappingRunnable.run(TaskThread.java:63) ~[tomcat-embed-core-10.1.54.jar!/:na]
	at java.base/java.lang.Thread.run(Thread.java:1583) ~[na:na]

2026-05-30T00:26:09.920Z  INFO 9892 --- [plus33-api] [io-8080-exec-96] o.apache.coyote.http11.Http11Processor   : Error parsing HTTP request header
 Note: further occurrences of HTTP request parsing errors will be logged at DEBUG level.

java.lang.IllegalArgumentException: Invalid character found in method name [0x160x030x010x000xea0x010x000x000xe60x030x030xd80xecu0xc60x7f0x1dY0xbc^0x7f0x1cf0x07<0x04T$0x1d0xf70xf3>0xfc0xa80xb630x10{0xbdX0xf90x910xe3 ]. HTTP method names must be tokens
	at org.apache.coyote.http11.Http11InputBuffer.parseRequestLine(Http11InputBuffer.java:402) ~[tomcat-embed-core-10.1.54.jar!/:na]
	at org.apache.coyote.http11.Http11Processor.service(Http11Processor.java:272) ~[tomcat-embed-core-10.1.54.jar!/:na]
	at org.apache.coyote.AbstractProcessorLight.process(AbstractProcessorLight.java:63) ~[tomcat-embed-core-10.1.54.jar!/:na]
	at org.apache.coyote.AbstractProtocol$ConnectionHandler.process(AbstractProtocol.java:903) ~[tomcat-embed-core-10.1.54.jar!/:na]
	at org.apache.tomcat.util.net.NioEndpoint$SocketProcessor.doRun(NioEndpoint.java:1797) ~[tomcat-embed-core-10.1.54.jar!/:na]
	at org.apache.tomcat.util.net.SocketProcessorBase.run(SocketProcessorBase.java:52) ~[tomcat-embed-core-10.1.54.jar!/:na]
	at org.apache.tomcat.util.threads.ThreadPoolExecutor.runWorker(ThreadPoolExecutor.java:973) ~[tomcat-embed-core-10.1.54.jar!/:na]
	at org.apache.tomcat.util.threads.ThreadPoolExecutor$Worker.run(ThreadPoolExecutor.java:491) ~[tomcat-embed-core-10.1.54.jar!/:na]
	at org.apache.tomcat.util.threads.TaskThread$WrappingRunnable.run(TaskThread.java:63) ~[tomcat-embed-core-10.1.54.jar!/:na]
	at java.base/java.lang.Thread.run(Thread.java:1583) ~[na:na]

2026-05-30T01:11:42.236Z  WARN 9892 --- [plus33-api] [io-8080-exec-92] o.s.b.a.w.s.WelcomePageHandlerMapping    : Received invalid Accept header. Assuming all media types are accepted
2026-05-30T01:13:09.744Z  WARN 9892 --- [plus33-api] [io-8080-exec-94] .w.s.m.s.DefaultHandlerExceptionResolver : Resolved [org.springframework.web.HttpRequestMethodNotSupportedException: Request method 'POST' is not supported]
2026-05-30T04:25:11.128Z  WARN 9892 --- [plus33-api] [io-8080-exec-89] .w.s.m.s.DefaultHandlerExceptionResolver : Resolved [org.springframework.web.HttpRequestMethodNotSupportedException: Request method 'POST' is not supported]
2026-05-30T06:46:15.799Z  INFO 9892 --- [plus33-api] [io-8080-exec-96] o.apache.coyote.http11.Http11Processor   : Error parsing HTTP request header
 Note: further occurrences of HTTP request parsing errors will be logged at DEBUG level.

java.lang.IllegalArgumentException: Invalid character found in method name [0x160x030x010x000xea0x010x000x000xe60x030x03u0xe40xfe0xc50xf30x960x0fc0xc3E0x0b0xa12a0xbf0xcb0xed0xd00xe9A0xfa0x807S\70x870xbf0x8b0xbe0xbc0xef ]. HTTP method names must be tokens
	at org.apache.coyote.http11.Http11InputBuffer.parseRequestLine(Http11InputBuffer.java:402) ~[tomcat-embed-core-10.1.54.jar!/:na]
	at org.apache.coyote.http11.Http11Processor.service(Http11Processor.java:272) ~[tomcat-embed-core-10.1.54.jar!/:na]
	at org.apache.coyote.AbstractProcessorLight.process(AbstractProcessorLight.java:63) ~[tomcat-embed-core-10.1.54.jar!/:na]
	at org.apache.coyote.AbstractProtocol$ConnectionHandler.process(AbstractProtocol.java:903) ~[tomcat-embed-core-10.1.54.jar!/:na]
	at org.apache.tomcat.util.net.NioEndpoint$SocketProcessor.doRun(NioEndpoint.java:1797) ~[tomcat-embed-core-10.1.54.jar!/:na]
	at org.apache.tomcat.util.net.SocketProcessorBase.run(SocketProcessorBase.java:52) ~[tomcat-embed-core-10.1.54.jar!/:na]
	at org.apache.tomcat.util.threads.ThreadPoolExecutor.runWorker(ThreadPoolExecutor.java:973) ~[tomcat-embed-core-10.1.54.jar!/:na]
	at org.apache.tomcat.util.threads.ThreadPoolExecutor$Worker.run(ThreadPoolExecutor.java:491) ~[tomcat-embed-core-10.1.54.jar!/:na]
	at org.apache.tomcat.util.threads.TaskThread$WrappingRunnable.run(TaskThread.java:63) ~[tomcat-embed-core-10.1.54.jar!/:na]
	at java.base/java.lang.Thread.run(Thread.java:1583) ~[na:na]

2026-05-30T07:24:01.928Z  WARN 9892 --- [plus33-api] [io-8080-exec-80] .w.s.m.s.DefaultHandlerExceptionResolver : Resolved [org.springframework.web.HttpRequestMethodNotSupportedException: Request method 'POST' is not supported]
2026-05-30T07:56:49.995Z  INFO 9892 --- [plus33-api] [io-8080-exec-89] o.apache.coyote.http11.Http11Processor   : Error parsing HTTP request header
 Note: further occurrences of HTTP request parsing errors will be logged at DEBUG level.

java.lang.IllegalArgumentException: Invalid character found in method name [0x160x030x010x020x000x010x000x010xfc0x030x03I0xe7UH0xdf0xad<0xc10xb10x8aV0xe9*q}0x9d0xa890xa4t0xbd0xfe0xb6c0xe30xd90xef/0xcc0x870x110x1a ]. HTTP method names must be tokens
	at org.apache.coyote.http11.Http11InputBuffer.parseRequestLine(Http11InputBuffer.java:402) ~[tomcat-embed-core-10.1.54.jar!/:na]
	at org.apache.coyote.http11.Http11Processor.service(Http11Processor.java:272) ~[tomcat-embed-core-10.1.54.jar!/:na]
	at org.apache.coyote.AbstractProcessorLight.process(AbstractProcessorLight.java:63) ~[tomcat-embed-core-10.1.54.jar!/:na]
	at org.apache.coyote.AbstractProtocol$ConnectionHandler.process(AbstractProtocol.java:903) ~[tomcat-embed-core-10.1.54.jar!/:na]
	at org.apache.tomcat.util.net.NioEndpoint$SocketProcessor.doRun(NioEndpoint.java:1797) ~[tomcat-embed-core-10.1.54.jar!/:na]
	at org.apache.tomcat.util.net.SocketProcessorBase.run(SocketProcessorBase.java:52) ~[tomcat-embed-core-10.1.54.jar!/:na]
	at org.apache.tomcat.util.threads.ThreadPoolExecutor.runWorker(ThreadPoolExecutor.java:973) ~[tomcat-embed-core-10.1.54.jar!/:na]
	at org.apache.tomcat.util.threads.ThreadPoolExecutor$Worker.run(ThreadPoolExecutor.java:491) ~[tomcat-embed-core-10.1.54.jar!/:na]
	at org.apache.tomcat.util.threads.TaskThread$WrappingRunnable.run(TaskThread.java:63) ~[tomcat-embed-core-10.1.54.jar!/:na]
	at java.base/java.lang.Thread.run(Thread.java:1583) ~[na:na]

2026-05-30T08:35:15.525Z  WARN 9892 --- [plus33-api] [io-8080-exec-95] .w.s.m.s.DefaultHandlerExceptionResolver : Resolved [org.springframework.web.HttpRequestMethodNotSupportedException: Request method 'POST' is not supported]
2026-05-30T09:10:30.742Z  WARN 9892 --- [plus33-api] [io-8080-exec-95] .w.s.m.s.DefaultHandlerExceptionResolver : Resolved [org.springframework.web.HttpRequestMethodNotSupportedException: Request method 'POST' is not supported]
2026-05-30T12:02:54.995Z  WARN 9892 --- [plus33-api] [io-8080-exec-79] .w.s.m.s.DefaultHandlerExceptionResolver : Resolved [org.springframework.web.HttpRequestMethodNotSupportedException: Request method 'POST' is not supported]
2026-05-30T14:30:24.059Z  INFO 9892 --- [plus33-api] [io-8080-exec-37] o.apache.coyote.http11.Http11Processor   : Error parsing HTTP request header
 Note: further occurrences of HTTP request parsing errors will be logged at DEBUG level.

java.lang.IllegalArgumentException: Invalid character found in method name [0x050x020x000x02...]. HTTP method names must be tokens
	at org.apache.coyote.http11.Http11InputBuffer.parseRequestLine(Http11InputBuffer.java:402) ~[tomcat-embed-core-10.1.54.jar!/:na]
	at org.apache.coyote.http11.Http11Processor.service(Http11Processor.java:272) ~[tomcat-embed-core-10.1.54.jar!/:na]
	at org.apache.coyote.AbstractProcessorLight.process(AbstractProcessorLight.java:63) ~[tomcat-embed-core-10.1.54.jar!/:na]
	at org.apache.coyote.AbstractProtocol$ConnectionHandler.process(AbstractProtocol.java:903) ~[tomcat-embed-core-10.1.54.jar!/:na]
	at org.apache.tomcat.util.net.NioEndpoint$SocketProcessor.doRun(NioEndpoint.java:1797) ~[tomcat-embed-core-10.1.54.jar!/:na]
	at org.apache.tomcat.util.net.SocketProcessorBase.run(SocketProcessorBase.java:52) ~[tomcat-embed-core-10.1.54.jar!/:na]
	at org.apache.tomcat.util.threads.ThreadPoolExecutor.runWorker(ThreadPoolExecutor.java:973) ~[tomcat-embed-core-10.1.54.jar!/:na]
	at org.apache.tomcat.util.threads.ThreadPoolExecutor$Worker.run(ThreadPoolExecutor.java:491) ~[tomcat-embed-core-10.1.54.jar!/:na]
	at org.apache.tomcat.util.threads.TaskThread$WrappingRunnable.run(TaskThread.java:63) ~[tomcat-embed-core-10.1.54.jar!/:na]
	at java.base/java.lang.Thread.run(Thread.java:1583) ~[na:na]

2026-05-30T14:47:50.771Z  WARN 9892 --- [plus33-api] [io-8080-exec-37] .w.s.m.s.DefaultHandlerExceptionResolver : Resolved [org.springframework.web.HttpRequestMethodNotSupportedException: Request method 'POST' is not supported]
2026-05-30T16:17:19.240Z  WARN 9892 --- [plus33-api] [io-8080-exec-95] .w.s.m.s.DefaultHandlerExceptionResolver : Resolved [org.springframework.web.HttpRequestMethodNotSupportedException: Request method 'POST' is not supported]
2026-05-30T18:47:16.336Z  WARN 9892 --- [plus33-api] [io-8080-exec-89] .w.s.m.s.DefaultHandlerExceptionResolver : Resolved [org.springframework.web.HttpRequestMethodNotSupportedException: Request method 'POST' is not supported]
2026-05-30T21:06:04.068Z  WARN 9892 --- [plus33-api] [io-8080-exec-89] .w.s.m.s.DefaultHandlerExceptionResolver : Resolved [org.springframework.web.HttpRequestMethodNotSupportedException: Request method 'POST' is not supported]
2026-05-30T23:31:09.164Z  WARN 9892 --- [plus33-api] [io-8080-exec-98] .w.s.m.s.DefaultHandlerExceptionResolver : Resolved [org.springframework.web.HttpRequestMethodNotSupportedException: Request method 'POST' is not supported]
2026-05-31T00:08:26.365Z  WARN 9892 --- [plus33-api] [io-8080-exec-89] .w.s.m.s.DefaultHandlerExceptionResolver : Resolved [org.springframework.web.HttpRequestMethodNotSupportedException: Request method 'POST' is not supported]
2026-05-31T01:49:38.742Z  WARN 9892 --- [plus33-api] [io-8080-exec-80] .w.s.m.s.DefaultHandlerExceptionResolver : Resolved [org.springframework.web.HttpRequestMethodNotSupportedException: Request method 'POST' is not supported]
2026-05-31T02:12:49.900Z  INFO 9892 --- [plus33-api] [o-8080-exec-101] o.apache.coyote.http11.Http11Processor   : Error parsing HTTP request header
 Note: further occurrences of HTTP request parsing errors will be logged at DEBUG level.

java.lang.IllegalArgumentException: Invalid character found in method name [0x160x030x010x050xa80x010x000x050xa40x030x03h0xd80xca0x0eT0xe40x8d0xa00xed0x92t0x0dk0xd70xbd0x9e0x1e'w0xe80xd40xe20xd00xe50xfcH0xc30xd40xb20x9c0xa2I ]. HTTP method names must be tokens
	at org.apache.coyote.http11.Http11InputBuffer.parseRequestLine(Http11InputBuffer.java:402) ~[tomcat-embed-core-10.1.54.jar!/:na]
	at org.apache.coyote.http11.Http11Processor.service(Http11Processor.java:272) ~[tomcat-embed-core-10.1.54.jar!/:na]
	at org.apache.coyote.AbstractProcessorLight.process(AbstractProcessorLight.java:63) ~[tomcat-embed-core-10.1.54.jar!/:na]
	at org.apache.coyote.AbstractProtocol$ConnectionHandler.process(AbstractProtocol.java:903) ~[tomcat-embed-core-10.1.54.jar!/:na]
	at org.apache.tomcat.util.net.NioEndpoint$SocketProcessor.doRun(NioEndpoint.java:1797) ~[tomcat-embed-core-10.1.54.jar!/:na]
	at org.apache.tomcat.util.net.SocketProcessorBase.run(SocketProcessorBase.java:52) ~[tomcat-embed-core-10.1.54.jar!/:na]
	at org.apache.tomcat.util.threads.ThreadPoolExecutor.runWorker(ThreadPoolExecutor.java:973) ~[tomcat-embed-core-10.1.54.jar!/:na]
	at org.apache.tomcat.util.threads.ThreadPoolExecutor$Worker.run(ThreadPoolExecutor.java:491) ~[tomcat-embed-core-10.1.54.jar!/:na]
	at org.apache.tomcat.util.threads.TaskThread$WrappingRunnable.run(TaskThread.java:63) ~[tomcat-embed-core-10.1.54.jar!/:na]
	at java.base/java.lang.Thread.run(Thread.java:1583) ~[na:na]

2026-05-31T03:03:05.234Z  INFO 9892 --- [plus33-api] [io-8080-exec-89] o.apache.coyote.http11.Http11Processor   : Error parsing HTTP request header
 Note: further occurrences of HTTP request parsing errors will be logged at DEBUG level.

java.lang.IllegalArgumentException: Invalid character found in method name [0x160x030x010x00{0x010x000x00w0x030x030xebS;/|0xa60x860x820x0dI0xeb0xf5E0xfd0x090xda0x9f,0x9a0xad0xcc'0xec)0x180x9f0x01{0xcb0xaa:|0x000x000x1a0xc0/0xc0+0xc00x110xc00x070xc00x130xc00x090xc00x140xc00x0a0x000x050x00/0x0050xc00x120x000x0a0x010x000x0040x000x050x000x050x010x000x000x000x000x000x0a0x000x080x000x060x000x170x000x180x000x190x000x0b0x000x020x010x000x000x0d0x000x100x000x0e0x040x010x040x030x020x010x020x030x040x010x050x010x060x010xff0x010x000x010x00...]. HTTP method names must be tokens
	at org.apache.coyote.http11.Http11InputBuffer.parseRequestLine(Http11InputBuffer.java:402) ~[tomcat-embed-core-10.1.54.jar!/:na]
	at org.apache.coyote.http11.Http11Processor.service(Http11Processor.java:272) ~[tomcat-embed-core-10.1.54.jar!/:na]
	at org.apache.coyote.AbstractProcessorLight.process(AbstractProcessorLight.java:63) ~[tomcat-embed-core-10.1.54.jar!/:na]
	at org.apache.coyote.AbstractProtocol$ConnectionHandler.process(AbstractProtocol.java:903) ~[tomcat-embed-core-10.1.54.jar!/:na]
	at org.apache.tomcat.util.net.NioEndpoint$SocketProcessor.doRun(NioEndpoint.java:1797) ~[tomcat-embed-core-10.1.54.jar!/:na]
	at org.apache.tomcat.util.net.SocketProcessorBase.run(SocketProcessorBase.java:52) ~[tomcat-embed-core-10.1.54.jar!/:na]
	at org.apache.tomcat.util.threads.ThreadPoolExecutor.runWorker(ThreadPoolExecutor.java:973) ~[tomcat-embed-core-10.1.54.jar!/:na]
	at org.apache.tomcat.util.threads.ThreadPoolExecutor$Worker.run(ThreadPoolExecutor.java:491) ~[tomcat-embed-core-10.1.54.jar!/:na]
	at org.apache.tomcat.util.threads.TaskThread$WrappingRunnable.run(TaskThread.java:63) ~[tomcat-embed-core-10.1.54.jar!/:na]
	at java.base/java.lang.Thread.run(Thread.java:1583) ~[na:na]

2026-05-31T04:57:43.566Z  INFO 9892 --- [plus33-api] [io-8080-exec-99] o.apache.coyote.http11.Http11Processor   : Error parsing HTTP request header
 Note: further occurrences of HTTP request parsing errors will be logged at DEBUG level.

java.lang.IllegalArgumentException: Invalid character found in method name [0x010x000x000x00 ]. HTTP method names must be tokens
	at org.apache.coyote.http11.Http11InputBuffer.parseRequestLine(Http11InputBuffer.java:402) ~[tomcat-embed-core-10.1.54.jar!/:na]
	at org.apache.coyote.http11.Http11Processor.service(Http11Processor.java:272) ~[tomcat-embed-core-10.1.54.jar!/:na]
	at org.apache.coyote.AbstractProcessorLight.process(AbstractProcessorLight.java:63) ~[tomcat-embed-core-10.1.54.jar!/:na]
	at org.apache.coyote.AbstractProtocol$ConnectionHandler.process(AbstractProtocol.java:903) ~[tomcat-embed-core-10.1.54.jar!/:na]
	at org.apache.tomcat.util.net.NioEndpoint$SocketProcessor.doRun(NioEndpoint.java:1797) ~[tomcat-embed-core-10.1.54.jar!/:na]
	at org.apache.tomcat.util.net.SocketProcessorBase.run(SocketProcessorBase.java:52) ~[tomcat-embed-core-10.1.54.jar!/:na]
	at org.apache.tomcat.util.threads.ThreadPoolExecutor.runWorker(ThreadPoolExecutor.java:973) ~[tomcat-embed-core-10.1.54.jar!/:na]
	at org.apache.tomcat.util.threads.ThreadPoolExecutor$Worker.run(ThreadPoolExecutor.java:491) ~[tomcat-embed-core-10.1.54.jar!/:na]
	at org.apache.tomcat.util.threads.TaskThread$WrappingRunnable.run(TaskThread.java:63) ~[tomcat-embed-core-10.1.54.jar!/:na]
	at java.base/java.lang.Thread.run(Thread.java:1583) ~[na:na]

2026-05-31T05:36:46.811Z  WARN 9892 --- [plus33-api] [io-8080-exec-92] .w.s.m.s.DefaultHandlerExceptionResolver : Resolved [org.springframework.web.HttpRequestMethodNotSupportedException: Request method 'POST' is not supported]
2026-05-31T06:00:15.838Z  WARN 9892 --- [plus33-api] [io-8080-exec-95] .w.s.m.s.DefaultHandlerExceptionResolver : Resolved [org.springframework.web.HttpRequestMethodNotSupportedException: Request method 'POST' is not supported]
2026-05-31T08:16:09.562Z  WARN 9892 --- [plus33-api] [o-8080-exec-114] .w.s.m.s.DefaultHandlerExceptionResolver : Resolved [org.springframework.web.HttpRequestMethodNotSupportedException: Request method 'POST' is not supported]
2026-05-31T08:58:41.627Z  INFO 9892 --- [plus33-api] [o-8080-exec-101] o.apache.coyote.http11.Http11Processor   : Error parsing HTTP request header
 Note: further occurrences of HTTP request parsing errors will be logged at DEBUG level.

java.lang.IllegalArgumentException: Invalid character found in method name [0x040x010x010xbb0x8e0xfb0x99w0x00...]. HTTP method names must be tokens
	at org.apache.coyote.http11.Http11InputBuffer.parseRequestLine(Http11InputBuffer.java:402) ~[tomcat-embed-core-10.1.54.jar!/:na]
	at org.apache.coyote.http11.Http11Processor.service(Http11Processor.java:272) ~[tomcat-embed-core-10.1.54.jar!/:na]
	at org.apache.coyote.AbstractProcessorLight.process(AbstractProcessorLight.java:63) ~[tomcat-embed-core-10.1.54.jar!/:na]
	at org.apache.coyote.AbstractProtocol$ConnectionHandler.process(AbstractProtocol.java:903) ~[tomcat-embed-core-10.1.54.jar!/:na]
	at org.apache.tomcat.util.net.NioEndpoint$SocketProcessor.doRun(NioEndpoint.java:1797) ~[tomcat-embed-core-10.1.54.jar!/:na]
	at org.apache.tomcat.util.net.SocketProcessorBase.run(SocketProcessorBase.java:52) ~[tomcat-embed-core-10.1.54.jar!/:na]
	at org.apache.tomcat.util.threads.ThreadPoolExecutor.runWorker(ThreadPoolExecutor.java:973) ~[tomcat-embed-core-10.1.54.jar!/:na]
	at org.apache.tomcat.util.threads.ThreadPoolExecutor$Worker.run(ThreadPoolExecutor.java:491) ~[tomcat-embed-core-10.1.54.jar!/:na]
	at org.apache.tomcat.util.threads.TaskThread$WrappingRunnable.run(TaskThread.java:63) ~[tomcat-embed-core-10.1.54.jar!/:na]
	at java.base/java.lang.Thread.run(Thread.java:1583) ~[na:na]

2026-05-31T08:58:41.629Z  INFO 9892 --- [plus33-api] [io-8080-exec-95] o.apache.coyote.http11.Http11Processor   : Error parsing HTTP request header
 Note: further occurrences of HTTP request parsing errors will be logged at DEBUG level.

java.lang.IllegalArgumentException: Invalid character found in method name [0x050x010x00...]. HTTP method names must be tokens
	at org.apache.coyote.http11.Http11InputBuffer.parseRequestLine(Http11InputBuffer.java:402) ~[tomcat-embed-core-10.1.54.jar!/:na]
	at org.apache.coyote.http11.Http11Processor.service(Http11Processor.java:272) ~[tomcat-embed-core-10.1.54.jar!/:na]
	at org.apache.coyote.AbstractProcessorLight.process(AbstractProcessorLight.java:63) ~[tomcat-embed-core-10.1.54.jar!/:na]
	at org.apache.coyote.AbstractProtocol$ConnectionHandler.process(AbstractProtocol.java:903) ~[tomcat-embed-core-10.1.54.jar!/:na]
	at org.apache.tomcat.util.net.NioEndpoint$SocketProcessor.doRun(NioEndpoint.java:1797) ~[tomcat-embed-core-10.1.54.jar!/:na]
	at org.apache.tomcat.util.net.SocketProcessorBase.run(SocketProcessorBase.java:52) ~[tomcat-embed-core-10.1.54.jar!/:na]
	at org.apache.tomcat.util.threads.ThreadPoolExecutor.runWorker(ThreadPoolExecutor.java:973) ~[tomcat-embed-core-10.1.54.jar!/:na]
	at org.apache.tomcat.util.threads.ThreadPoolExecutor$Worker.run(ThreadPoolExecutor.java:491) ~[tomcat-embed-core-10.1.54.jar!/:na]
	at org.apache.tomcat.util.threads.TaskThread$WrappingRunnable.run(TaskThread.java:63) ~[tomcat-embed-core-10.1.54.jar!/:na]
	at java.base/java.lang.Thread.run(Thread.java:1583) ~[na:na]

2026-05-31T12:49:54.193Z  WARN 9892 --- [plus33-api] [o-8080-exec-114] .w.s.m.s.DefaultHandlerExceptionResolver : Resolved [org.springframework.web.HttpRequestMethodNotSupportedException: Request method 'POST' is not supported]
2026-05-31T15:06:29.285Z  WARN 9892 --- [plus33-api] [o-8080-exec-124] .w.s.m.s.DefaultHandlerExceptionResolver : Resolved [org.springframework.web.HttpRequestMethodNotSupportedException: Request method 'POST' is not supported]
2026-05-31T16:04:10.262Z  WARN 9892 --- [plus33-api] [o-8080-exec-124] .w.s.m.s.DefaultHandlerExceptionResolver : Resolved [org.springframework.web.HttpRequestMethodNotSupportedException: Request method 'POST' is not supported]
2026-05-31T18:32:25.865Z  WARN 9892 --- [plus33-api] [o-8080-exec-124] .w.s.m.s.DefaultHandlerExceptionResolver : Resolved [org.springframework.web.HttpRequestMethodNotSupportedException: Request method 'POST' is not supported]
2026-05-31T18:32:49.798Z  INFO 9892 --- [plus33-api] [io-8080-exec-80] o.apache.coyote.http11.Http11Processor   : Error parsing HTTP request header
 Note: further occurrences of HTTP request parsing errors will be logged at DEBUG level.

java.lang.IllegalArgumentException: Invalid character found in the request target [/index.php?s=/index/\think\app/invokefunction&function=call_user_func_array&vars[0]=md5&vars[1][]=Hello ]. The valid characters are defined in RFC 7230 and RFC 3986
	at org.apache.coyote.http11.Http11InputBuffer.parseRequestLine(Http11InputBuffer.java:477) ~[tomcat-embed-core-10.1.54.jar!/:na]
	at org.apache.coyote.http11.Http11Processor.service(Http11Processor.java:272) ~[tomcat-embed-core-10.1.54.jar!/:na]
	at org.apache.coyote.AbstractProcessorLight.process(AbstractProcessorLight.java:63) ~[tomcat-embed-core-10.1.54.jar!/:na]
	at org.apache.coyote.AbstractProtocol$ConnectionHandler.process(AbstractProtocol.java:903) ~[tomcat-embed-core-10.1.54.jar!/:na]
	at org.apache.tomcat.util.net.NioEndpoint$SocketProcessor.doRun(NioEndpoint.java:1797) ~[tomcat-embed-core-10.1.54.jar!/:na]
	at org.apache.tomcat.util.net.SocketProcessorBase.run(SocketProcessorBase.java:52) ~[tomcat-embed-core-10.1.54.jar!/:na]
	at org.apache.tomcat.util.threads.ThreadPoolExecutor.runWorker(ThreadPoolExecutor.java:973) ~[tomcat-embed-core-10.1.54.jar!/:na]
	at org.apache.tomcat.util.threads.ThreadPoolExecutor$Worker.run(ThreadPoolExecutor.java:491) ~[tomcat-embed-core-10.1.54.jar!/:na]
	at org.apache.tomcat.util.threads.TaskThread$WrappingRunnable.run(TaskThread.java:63) ~[tomcat-embed-core-10.1.54.jar!/:na]
	at java.base/java.lang.Thread.run(Thread.java:1583) ~[na:na]

2026-05-31T19:33:42.125Z  WARN 9892 --- [plus33-api] [o-8080-exec-131] .w.s.m.s.DefaultHandlerExceptionResolver : Resolved [org.springframework.web.HttpRequestMethodNotSupportedException: Request method 'POST' is not supported]
2026-05-31T20:45:22.149Z  INFO 9892 --- [plus33-api] [o-8080-exec-131] o.apache.coyote.http11.Http11Processor   : Error parsing HTTP request header
 Note: further occurrences of HTTP request parsing errors will be logged at DEBUG level.

java.lang.IllegalArgumentException: Invalid character found in method name [HELP0x0d0x0aEHLO ]. HTTP method names must be tokens
	at org.apache.coyote.http11.Http11InputBuffer.parseRequestLine(Http11InputBuffer.java:402) ~[tomcat-embed-core-10.1.54.jar!/:na]
	at org.apache.coyote.http11.Http11Processor.service(Http11Processor.java:272) ~[tomcat-embed-core-10.1.54.jar!/:na]
	at org.apache.coyote.AbstractProcessorLight.process(AbstractProcessorLight.java:63) ~[tomcat-embed-core-10.1.54.jar!/:na]
	at org.apache.coyote.AbstractProtocol$ConnectionHandler.process(AbstractProtocol.java:903) ~[tomcat-embed-core-10.1.54.jar!/:na]
	at org.apache.tomcat.util.net.NioEndpoint$SocketProcessor.doRun(NioEndpoint.java:1797) ~[tomcat-embed-core-10.1.54.jar!/:na]
	at org.apache.tomcat.util.net.SocketProcessorBase.run(SocketProcessorBase.java:52) ~[tomcat-embed-core-10.1.54.jar!/:na]
	at org.apache.tomcat.util.threads.ThreadPoolExecutor.runWorker(ThreadPoolExecutor.java:973) ~[tomcat-embed-core-10.1.54.jar!/:na]
	at org.apache.tomcat.util.threads.ThreadPoolExecutor$Worker.run(ThreadPoolExecutor.java:491) ~[tomcat-embed-core-10.1.54.jar!/:na]
	at org.apache.tomcat.util.threads.TaskThread$WrappingRunnable.run(TaskThread.java:63) ~[tomcat-embed-core-10.1.54.jar!/:na]
	at java.base/java.lang.Thread.run(Thread.java:1583) ~[na:na]

2026-05-31T22:38:45.691Z  WARN 9892 --- [plus33-api] [o-8080-exec-130] .w.s.m.s.DefaultHandlerExceptionResolver : Resolved [org.springframework.web.HttpRequestMethodNotSupportedException: Request method 'POST' is not supported]
2026-05-31T23:30:15.153Z  WARN 9892 --- [plus33-api] [io-8080-exec-89] .w.s.m.s.DefaultHandlerExceptionResolver : Resolved [org.springframework.web.HttpRequestMethodNotSupportedException: Request method 'POST' is not supported]
2026-06-01T02:20:16.113Z  WARN 9892 --- [plus33-api] [o-8080-exec-131] .w.s.m.s.DefaultHandlerExceptionResolver : Resolved [org.springframework.web.HttpRequestMethodNotSupportedException: Request method 'POST' is not supported]
2026-06-01T04:19:52.497Z  WARN 9892 --- [plus33-api] [io-8080-exec-89] .w.s.m.s.DefaultHandlerExceptionResolver : Resolved [org.springframework.web.HttpRequestMethodNotSupportedException: Request method 'POST' is not supported]
2026-06-01T06:19:33.045Z  WARN 9892 --- [plus33-api] [o-8080-exec-131] .w.s.m.s.DefaultHandlerExceptionResolver : Resolved [org.springframework.web.HttpRequestMethodNotSupportedException: Request method 'POST' is not supported]
2026-06-01T07:50:10.156Z  WARN 9892 --- [plus33-api] [o-8080-exec-106] .w.s.m.s.DefaultHandlerExceptionResolver : Resolved [org.springframework.web.HttpRequestMethodNotSupportedException: Request method 'POST' is not supported]
2026-06-01T08:19:02.750Z  WARN 9892 --- [plus33-api] [io-8080-exec-95] .w.s.m.s.DefaultHandlerExceptionResolver : Resolved [org.springframework.web.HttpRequestMethodNotSupportedException: Request method 'POST' is not supported]
2026-06-01T08:20:37.317Z  INFO 9892 --- [plus33-api] [io-8080-exec-89] o.apache.coyote.http11.Http11Processor   : Error parsing HTTP request header
 Note: further occurrences of HTTP request parsing errors will be logged at DEBUG level.

java.lang.IllegalArgumentException: Invalid character found in method name [0x050x020x000x02...]. HTTP method names must be tokens
	at org.apache.coyote.http11.Http11InputBuffer.parseRequestLine(Http11InputBuffer.java:402) ~[tomcat-embed-core-10.1.54.jar!/:na]
	at org.apache.coyote.http11.Http11Processor.service(Http11Processor.java:272) ~[tomcat-embed-core-10.1.54.jar!/:na]
	at org.apache.coyote.AbstractProcessorLight.process(AbstractProcessorLight.java:63) ~[tomcat-embed-core-10.1.54.jar!/:na]
	at org.apache.coyote.AbstractProtocol$ConnectionHandler.process(AbstractProtocol.java:903) ~[tomcat-embed-core-10.1.54.jar!/:na]
	at org.apache.tomcat.util.net.NioEndpoint$SocketProcessor.doRun(NioEndpoint.java:1797) ~[tomcat-embed-core-10.1.54.jar!/:na]
	at org.apache.tomcat.util.net.SocketProcessorBase.run(SocketProcessorBase.java:52) ~[tomcat-embed-core-10.1.54.jar!/:na]
	at org.apache.tomcat.util.threads.ThreadPoolExecutor.runWorker(ThreadPoolExecutor.java:973) ~[tomcat-embed-core-10.1.54.jar!/:na]
	at org.apache.tomcat.util.threads.ThreadPoolExecutor$Worker.run(ThreadPoolExecutor.java:491) ~[tomcat-embed-core-10.1.54.jar!/:na]
	at org.apache.tomcat.util.threads.TaskThread$WrappingRunnable.run(TaskThread.java:63) ~[tomcat-embed-core-10.1.54.jar!/:na]
	at java.base/java.lang.Thread.run(Thread.java:1583) ~[na:na]

2026-06-01T08:20:37.323Z  INFO 9892 --- [plus33-api] [o-8080-exec-133] o.apache.coyote.http11.Http11Processor   : Error parsing HTTP request header
 Note: further occurrences of HTTP request parsing errors will be logged at DEBUG level.

java.lang.IllegalArgumentException: Invalid character found in method name [0x050x020x000x02...]. HTTP method names must be tokens
	at org.apache.coyote.http11.Http11InputBuffer.parseRequestLine(Http11InputBuffer.java:402) ~[tomcat-embed-core-10.1.54.jar!/:na]
	at org.apache.coyote.http11.Http11Processor.service(Http11Processor.java:272) ~[tomcat-embed-core-10.1.54.jar!/:na]
	at org.apache.coyote.AbstractProcessorLight.process(AbstractProcessorLight.java:63) ~[tomcat-embed-core-10.1.54.jar!/:na]
	at org.apache.coyote.AbstractProtocol$ConnectionHandler.process(AbstractProtocol.java:903) ~[tomcat-embed-core-10.1.54.jar!/:na]
	at org.apache.tomcat.util.net.NioEndpoint$SocketProcessor.doRun(NioEndpoint.java:1797) ~[tomcat-embed-core-10.1.54.jar!/:na]
	at org.apache.tomcat.util.net.SocketProcessorBase.run(SocketProcessorBase.java:52) ~[tomcat-embed-core-10.1.54.jar!/:na]
	at org.apache.tomcat.util.threads.ThreadPoolExecutor.runWorker(ThreadPoolExecutor.java:973) ~[tomcat-embed-core-10.1.54.jar!/:na]
	at org.apache.tomcat.util.threads.ThreadPoolExecutor$Worker.run(ThreadPoolExecutor.java:491) ~[tomcat-embed-core-10.1.54.jar!/:na]
	at org.apache.tomcat.util.threads.TaskThread$WrappingRunnable.run(TaskThread.java:63) ~[tomcat-embed-core-10.1.54.jar!/:na]
	at java.base/java.lang.Thread.run(Thread.java:1583) ~[na:na]

2026-06-01T08:20:37.323Z  INFO 9892 --- [plus33-api] [o-8080-exec-114] o.apache.coyote.http11.Http11Processor   : Error parsing HTTP request header
 Note: further occurrences of HTTP request parsing errors will be logged at DEBUG level.

java.lang.IllegalArgumentException: Invalid character found in method name [0x050x020x000x02...]. HTTP method names must be tokens
	at org.apache.coyote.http11.Http11InputBuffer.parseRequestLine(Http11InputBuffer.java:402) ~[tomcat-embed-core-10.1.54.jar!/:na]
	at org.apache.coyote.http11.Http11Processor.service(Http11Processor.java:272) ~[tomcat-embed-core-10.1.54.jar!/:na]
	at org.apache.coyote.AbstractProcessorLight.process(AbstractProcessorLight.java:63) ~[tomcat-embed-core-10.1.54.jar!/:na]
	at org.apache.coyote.AbstractProtocol$ConnectionHandler.process(AbstractProtocol.java:903) ~[tomcat-embed-core-10.1.54.jar!/:na]
	at org.apache.tomcat.util.net.NioEndpoint$SocketProcessor.doRun(NioEndpoint.java:1797) ~[tomcat-embed-core-10.1.54.jar!/:na]
	at org.apache.tomcat.util.net.SocketProcessorBase.run(SocketProcessorBase.java:52) ~[tomcat-embed-core-10.1.54.jar!/:na]
	at org.apache.tomcat.util.threads.ThreadPoolExecutor.runWorker(ThreadPoolExecutor.java:973) ~[tomcat-embed-core-10.1.54.jar!/:na]
	at org.apache.tomcat.util.threads.ThreadPoolExecutor$Worker.run(ThreadPoolExecutor.java:491) ~[tomcat-embed-core-10.1.54.jar!/:na]
	at org.apache.tomcat.util.threads.TaskThread$WrappingRunnable.run(TaskThread.java:63) ~[tomcat-embed-core-10.1.54.jar!/:na]
	at java.base/java.lang.Thread.run(Thread.java:1583) ~[na:na]

2026-06-01T08:20:37.323Z  INFO 9892 --- [plus33-api] [o-8080-exec-106] o.apache.coyote.http11.Http11Processor   : Error parsing HTTP request header
 Note: further occurrences of HTTP request parsing errors will be logged at DEBUG level.

java.lang.IllegalArgumentException: Invalid character found in method name [0x050x020x000x02...]. HTTP method names must be tokens
	at org.apache.coyote.http11.Http11InputBuffer.parseRequestLine(Http11InputBuffer.java:402) ~[tomcat-embed-core-10.1.54.jar!/:na]
	at org.apache.coyote.http11.Http11Processor.service(Http11Processor.java:272) ~[tomcat-embed-core-10.1.54.jar!/:na]
	at org.apache.coyote.AbstractProcessorLight.process(AbstractProcessorLight.java:63) ~[tomcat-embed-core-10.1.54.jar!/:na]
	at org.apache.coyote.AbstractProtocol$ConnectionHandler.process(AbstractProtocol.java:903) ~[tomcat-embed-core-10.1.54.jar!/:na]
	at org.apache.tomcat.util.net.NioEndpoint$SocketProcessor.doRun(NioEndpoint.java:1797) ~[tomcat-embed-core-10.1.54.jar!/:na]
	at org.apache.tomcat.util.net.SocketProcessorBase.run(SocketProcessorBase.java:52) ~[tomcat-embed-core-10.1.54.jar!/:na]
	at org.apache.tomcat.util.threads.ThreadPoolExecutor.runWorker(ThreadPoolExecutor.java:973) ~[tomcat-embed-core-10.1.54.jar!/:na]
	at org.apache.tomcat.util.threads.ThreadPoolExecutor$Worker.run(ThreadPoolExecutor.java:491) ~[tomcat-embed-core-10.1.54.jar!/:na]
	at org.apache.tomcat.util.threads.TaskThread$WrappingRunnable.run(TaskThread.java:63) ~[tomcat-embed-core-10.1.54.jar!/:na]
	at java.base/java.lang.Thread.run(Thread.java:1583) ~[na:na]

2026-06-01T08:20:37.316Z  INFO 9892 --- [plus33-api] [o-8080-exec-131] o.apache.coyote.http11.Http11Processor   : Error parsing HTTP request header
 Note: further occurrences of HTTP request parsing errors will be logged at DEBUG level.

java.lang.IllegalArgumentException: Invalid character found in method name [0x040x010x010xbb0x8e0xfb0x9bw0x00...]. HTTP method names must be tokens
	at org.apache.coyote.http11.Http11InputBuffer.parseRequestLine(Http11InputBuffer.java:402) ~[tomcat-embed-core-10.1.54.jar!/:na]
	at org.apache.coyote.http11.Http11Processor.service(Http11Processor.java:272) ~[tomcat-embed-core-10.1.54.jar!/:na]
	at org.apache.coyote.AbstractProcessorLight.process(AbstractProcessorLight.java:63) ~[tomcat-embed-core-10.1.54.jar!/:na]
	at org.apache.coyote.AbstractProtocol$ConnectionHandler.process(AbstractProtocol.java:903) ~[tomcat-embed-core-10.1.54.jar!/:na]
	at org.apache.tomcat.util.net.NioEndpoint$SocketProcessor.doRun(NioEndpoint.java:1797) ~[tomcat-embed-core-10.1.54.jar!/:na]
	at org.apache.tomcat.util.net.SocketProcessorBase.run(SocketProcessorBase.java:52) ~[tomcat-embed-core-10.1.54.jar!/:na]
	at org.apache.tomcat.util.threads.ThreadPoolExecutor.runWorker(ThreadPoolExecutor.java:973) ~[tomcat-embed-core-10.1.54.jar!/:na]
	at org.apache.tomcat.util.threads.ThreadPoolExecutor$Worker.run(ThreadPoolExecutor.java:491) ~[tomcat-embed-core-10.1.54.jar!/:na]
	at org.apache.tomcat.util.threads.TaskThread$WrappingRunnable.run(TaskThread.java:63) ~[tomcat-embed-core-10.1.54.jar!/:na]
	at java.base/java.lang.Thread.run(Thread.java:1583) ~[na:na]

2026-06-01T12:56:29.361Z  WARN 9892 --- [plus33-api] [io-8080-exec-89] .w.s.m.s.DefaultHandlerExceptionResolver : Resolved [org.springframework.web.HttpRequestMethodNotSupportedException: Request method 'POST' is not supported]
2026-06-01T15:39:17.069Z  WARN 9892 --- [plus33-api] [o-8080-exec-133] .w.s.m.s.DefaultHandlerExceptionResolver : Resolved [org.springframework.web.HttpRequestMethodNotSupportedException: Request method 'POST' is not supported]
2026-06-01T18:17:23.871Z  WARN 9892 --- [plus33-api] [io-8080-exec-80] .w.s.m.s.DefaultHandlerExceptionResolver : Resolved [org.springframework.web.HttpRequestMethodNotSupportedException: Request method 'POST' is not supported]
2026-06-01T19:21:35.499Z  WARN 9892 --- [plus33-api] [o-8080-exec-117] .w.s.m.s.DefaultHandlerExceptionResolver : Resolved [org.springframework.web.HttpRequestMethodNotSupportedException: Request method 'POST' is not supported]
2026-06-01T21:54:21.827Z  WARN 9892 --- [plus33-api] [o-8080-exec-117] .w.s.m.s.DefaultHandlerExceptionResolver : Resolved [org.springframework.web.HttpRequestMethodNotSupportedException: Request method 'POST' is not supported]
2026-06-01T22:33:04.797Z  WARN 9892 --- [plus33-api] [io-8080-exec-99] .w.s.m.s.DefaultHandlerExceptionResolver : Resolved [org.springframework.web.HttpRequestMethodNotSupportedException: Request method 'POST' is not supported]
2026-06-01T22:33:07.663Z  WARN 9892 --- [plus33-api] [io-8080-exec-89] .w.s.m.s.DefaultHandlerExceptionResolver : Resolved [org.springframework.web.HttpRequestMethodNotSupportedException: Request method 'POST' is not supported]
2026-06-01T22:54:56.342Z  WARN 9892 --- [plus33-api] [o-8080-exec-117] .w.s.m.s.DefaultHandlerExceptionResolver : Resolved [org.springframework.web.HttpRequestMethodNotSupportedException: Request method 'POST' is not supported]
2026-06-02T01:05:24.720Z  WARN 9892 --- [plus33-api] [o-8080-exec-117] .w.s.m.s.DefaultHandlerExceptionResolver : Resolved [org.springframework.web.HttpRequestMethodNotSupportedException: Request method 'POST' is not supported]
2026-06-02T01:26:23.926Z  WARN 9892 --- [plus33-api] [o-8080-exec-130] .w.s.m.s.DefaultHandlerExceptionResolver : Resolved [org.springframework.web.HttpRequestMethodNotSupportedException: Request method 'POST' is not supported]
2026-06-02T02:52:06.363Z  WARN 9892 --- [plus33-api] [o-8080-exec-106] .w.s.m.s.DefaultHandlerExceptionResolver : Resolved [org.springframework.web.HttpRequestMethodNotSupportedException: Request method 'POST' is not supported]
2026-06-02T03:31:59.532Z  WARN 9892 --- [plus33-api] [o-8080-exec-117] .w.s.m.s.DefaultHandlerExceptionResolver : Resolved [org.springframework.web.HttpRequestMethodNotSupportedException: Request method 'POST' is not supported]
2026-06-02T07:37:39.738Z  WARN 9892 --- [plus33-api] [o-8080-exec-131] .w.s.m.s.DefaultHandlerExceptionResolver : Resolved [org.springframework.web.HttpRequestMethodNotSupportedException: Request method 'POST' is not supported]
2026-06-02T08:35:33.059Z  INFO 9892 --- [plus33-api] [o-8080-exec-114] o.apache.coyote.http11.Http11Processor   : Error parsing HTTP request header
 Note: further occurrences of HTTP request parsing errors will be logged at DEBUG level.

java.lang.IllegalArgumentException: Invalid character found in method name [0x030x000x000x130x0e0xe00x000x000x000x000x000x010x000x080x000x020x000x000x00...]. HTTP method names must be tokens
	at org.apache.coyote.http11.Http11InputBuffer.parseRequestLine(Http11InputBuffer.java:402) ~[tomcat-embed-core-10.1.54.jar!/:na]
	at org.apache.coyote.http11.Http11Processor.service(Http11Processor.java:272) ~[tomcat-embed-core-10.1.54.jar!/:na]
	at org.apache.coyote.AbstractProcessorLight.process(AbstractProcessorLight.java:63) ~[tomcat-embed-core-10.1.54.jar!/:na]
	at org.apache.coyote.AbstractProtocol$ConnectionHandler.process(AbstractProtocol.java:903) ~[tomcat-embed-core-10.1.54.jar!/:na]
	at org.apache.tomcat.util.net.NioEndpoint$SocketProcessor.doRun(NioEndpoint.java:1797) ~[tomcat-embed-core-10.1.54.jar!/:na]
	at org.apache.tomcat.util.net.SocketProcessorBase.run(SocketProcessorBase.java:52) ~[tomcat-embed-core-10.1.54.jar!/:na]
	at org.apache.tomcat.util.threads.ThreadPoolExecutor.runWorker(ThreadPoolExecutor.java:973) ~[tomcat-embed-core-10.1.54.jar!/:na]
	at org.apache.tomcat.util.threads.ThreadPoolExecutor$Worker.run(ThreadPoolExecutor.java:491) ~[tomcat-embed-core-10.1.54.jar!/:na]
	at org.apache.tomcat.util.threads.TaskThread$WrappingRunnable.run(TaskThread.java:63) ~[tomcat-embed-core-10.1.54.jar!/:na]
	at java.base/java.lang.Thread.run(Thread.java:1583) ~[na:na]

2026-06-02T11:47:37.975Z  WARN 9892 --- [plus33-api] [o-8080-exec-117] .w.s.m.s.DefaultHandlerExceptionResolver : Resolved [org.springframework.web.HttpRequestMethodNotSupportedException: Request method 'POST' is not supported]
2026-06-02T14:35:06.982Z  WARN 9892 --- [plus33-api] [io-8080-exec-89] .w.s.m.s.DefaultHandlerExceptionResolver : Resolved [org.springframework.web.HttpRequestMethodNotSupportedException: Request method 'POST' is not supported]
2026-06-02T17:32:21.104Z  INFO 9892 --- [plus33-api] [o-8080-exec-131] o.apache.coyote.http11.Http11Processor   : Error parsing HTTP request header
 Note: further occurrences of HTTP request parsing errors will be logged at DEBUG level.

java.lang.IllegalArgumentException: Invalid character found in method name [0xc30xbd0xc24{"protocol_version": ]. HTTP method names must be tokens
	at org.apache.coyote.http11.Http11InputBuffer.parseRequestLine(Http11InputBuffer.java:402) ~[tomcat-embed-core-10.1.54.jar!/:na]
	at org.apache.coyote.http11.Http11Processor.service(Http11Processor.java:272) ~[tomcat-embed-core-10.1.54.jar!/:na]
	at org.apache.coyote.AbstractProcessorLight.process(AbstractProcessorLight.java:63) ~[tomcat-embed-core-10.1.54.jar!/:na]
	at org.apache.coyote.AbstractProtocol$ConnectionHandler.process(AbstractProtocol.java:903) ~[tomcat-embed-core-10.1.54.jar!/:na]
	at org.apache.tomcat.util.net.NioEndpoint$SocketProcessor.doRun(NioEndpoint.java:1797) ~[tomcat-embed-core-10.1.54.jar!/:na]
	at org.apache.tomcat.util.net.SocketProcessorBase.run(SocketProcessorBase.java:52) ~[tomcat-embed-core-10.1.54.jar!/:na]
	at org.apache.tomcat.util.threads.ThreadPoolExecutor.runWorker(ThreadPoolExecutor.java:973) ~[tomcat-embed-core-10.1.54.jar!/:na]
	at org.apache.tomcat.util.threads.ThreadPoolExecutor$Worker.run(ThreadPoolExecutor.java:491) ~[tomcat-embed-core-10.1.54.jar!/:na]
	at org.apache.tomcat.util.threads.TaskThread$WrappingRunnable.run(TaskThread.java:63) ~[tomcat-embed-core-10.1.54.jar!/:na]
	at java.base/java.lang.Thread.run(Thread.java:1583) ~[na:na]

2026-06-02T19:27:13.283Z  WARN 9892 --- [plus33-api] [io-8080-exec-95] .w.s.m.s.DefaultHandlerExceptionResolver : Resolved [org.springframework.web.HttpRequestMethodNotSupportedException: Request method 'POST' is not supported]
2026-06-02T19:32:08.729Z  INFO 9892 --- [plus33-api] [io-8080-exec-95] o.apache.coyote.http11.Http11Processor   : Error parsing HTTP request header
 Note: further occurrences of HTTP request parsing errors will be logged at DEBUG level.

java.lang.IllegalArgumentException: Invalid character found in method name [0x040x010x010xbb0x8e0xfb0x9dw0x00...]. HTTP method names must be tokens
	at org.apache.coyote.http11.Http11InputBuffer.parseRequestLine(Http11InputBuffer.java:402) ~[tomcat-embed-core-10.1.54.jar!/:na]
	at org.apache.coyote.http11.Http11Processor.service(Http11Processor.java:272) ~[tomcat-embed-core-10.1.54.jar!/:na]
	at org.apache.coyote.AbstractProcessorLight.process(AbstractProcessorLight.java:63) ~[tomcat-embed-core-10.1.54.jar!/:na]
	at org.apache.coyote.AbstractProtocol$ConnectionHandler.process(AbstractProtocol.java:903) ~[tomcat-embed-core-10.1.54.jar!/:na]
	at org.apache.tomcat.util.net.NioEndpoint$SocketProcessor.doRun(NioEndpoint.java:1797) ~[tomcat-embed-core-10.1.54.jar!/:na]
	at org.apache.tomcat.util.net.SocketProcessorBase.run(SocketProcessorBase.java:52) ~[tomcat-embed-core-10.1.54.jar!/:na]
	at org.apache.tomcat.util.threads.ThreadPoolExecutor.runWorker(ThreadPoolExecutor.java:973) ~[tomcat-embed-core-10.1.54.jar!/:na]
	at org.apache.tomcat.util.threads.ThreadPoolExecutor$Worker.run(ThreadPoolExecutor.java:491) ~[tomcat-embed-core-10.1.54.jar!/:na]
	at org.apache.tomcat.util.threads.TaskThread$WrappingRunnable.run(TaskThread.java:63) ~[tomcat-embed-core-10.1.54.jar!/:na]
	at java.base/java.lang.Thread.run(Thread.java:1583) ~[na:na]

2026-06-02T19:32:08.729Z  INFO 9892 --- [plus33-api] [o-8080-exec-117] o.apache.coyote.http11.Http11Processor   : Error parsing HTTP request header
 Note: further occurrences of HTTP request parsing errors will be logged at DEBUG level.

java.lang.IllegalArgumentException: Invalid character found in method name [0x050x020x000x02...]. HTTP method names must be tokens
	at org.apache.coyote.http11.Http11InputBuffer.parseRequestLine(Http11InputBuffer.java:402) ~[tomcat-embed-core-10.1.54.jar!/:na]
	at org.apache.coyote.http11.Http11Processor.service(Http11Processor.java:272) ~[tomcat-embed-core-10.1.54.jar!/:na]
	at org.apache.coyote.AbstractProcessorLight.process(AbstractProcessorLight.java:63) ~[tomcat-embed-core-10.1.54.jar!/:na]
	at org.apache.coyote.AbstractProtocol$ConnectionHandler.process(AbstractProtocol.java:903) ~[tomcat-embed-core-10.1.54.jar!/:na]
	at org.apache.tomcat.util.net.NioEndpoint$SocketProcessor.doRun(NioEndpoint.java:1797) ~[tomcat-embed-core-10.1.54.jar!/:na]
	at org.apache.tomcat.util.net.SocketProcessorBase.run(SocketProcessorBase.java:52) ~[tomcat-embed-core-10.1.54.jar!/:na]
	at org.apache.tomcat.util.threads.ThreadPoolExecutor.runWorker(ThreadPoolExecutor.java:973) ~[tomcat-embed-core-10.1.54.jar!/:na]
	at org.apache.tomcat.util.threads.ThreadPoolExecutor$Worker.run(ThreadPoolExecutor.java:491) ~[tomcat-embed-core-10.1.54.jar!/:na]
	at org.apache.tomcat.util.threads.TaskThread$WrappingRunnable.run(TaskThread.java:63) ~[tomcat-embed-core-10.1.54.jar!/:na]
	at java.base/java.lang.Thread.run(Thread.java:1583) ~[na:na]

2026-06-02T21:22:37.034Z  WARN 9892 --- [plus33-api] [io-8080-exec-95] .w.s.m.s.DefaultHandlerExceptionResolver : Resolved [org.springframework.web.HttpRequestMethodNotSupportedException: Request method 'POST' is not supported]
2026-06-02T22:03:38.288Z  INFO 9892 --- [plus33-api] [io-8080-exec-80] o.apache.coyote.http11.Http11Processor   : Error parsing HTTP request header
 Note: further occurrences of HTTP request parsing errors will be logged at DEBUG level.

java.lang.IllegalArgumentException: Invalid character found in method name [0x160x030x010x050xa80x010x000x050xa40x030x030xf90xc60xaf0xd60x80Ae0x1f0xa9'0xc8f0x19qj}0x0c0xab0x900xf3>0xf20xb80x85<0xf9D0x1fd0x91$T ]. HTTP method names must be tokens
	at org.apache.coyote.http11.Http11InputBuffer.parseRequestLine(Http11InputBuffer.java:402) ~[tomcat-embed-core-10.1.54.jar!/:na]
	at org.apache.coyote.http11.Http11Processor.service(Http11Processor.java:272) ~[tomcat-embed-core-10.1.54.jar!/:na]
	at org.apache.coyote.AbstractProcessorLight.process(AbstractProcessorLight.java:63) ~[tomcat-embed-core-10.1.54.jar!/:na]
	at org.apache.coyote.AbstractProtocol$ConnectionHandler.process(AbstractProtocol.java:903) ~[tomcat-embed-core-10.1.54.jar!/:na]
	at org.apache.tomcat.util.net.NioEndpoint$SocketProcessor.doRun(NioEndpoint.java:1797) ~[tomcat-embed-core-10.1.54.jar!/:na]
	at org.apache.tomcat.util.net.SocketProcessorBase.run(SocketProcessorBase.java:52) ~[tomcat-embed-core-10.1.54.jar!/:na]
	at org.apache.tomcat.util.threads.ThreadPoolExecutor.runWorker(ThreadPoolExecutor.java:973) ~[tomcat-embed-core-10.1.54.jar!/:na]
	at org.apache.tomcat.util.threads.ThreadPoolExecutor$Worker.run(ThreadPoolExecutor.java:491) ~[tomcat-embed-core-10.1.54.jar!/:na]
	at org.apache.tomcat.util.threads.TaskThread$WrappingRunnable.run(TaskThread.java:63) ~[tomcat-embed-core-10.1.54.jar!/:na]
	at java.base/java.lang.Thread.run(Thread.java:1583) ~[na:na]

2026-06-02T22:58:50.207Z  INFO 9892 --- [plus33-api] [io-8080-exec-80] o.apache.coyote.http11.Http11Processor   : Error parsing HTTP request header
 Note: further occurrences of HTTP request parsing errors will be logged at DEBUG level.

java.lang.IllegalArgumentException: Invalid character found in method name [0x160x030x010x000xee0x010x000x000xea0x030x030xe9B0xdex0x8b0x18V0xa40x1c0xe80x8a0xd18?0x7f0x8520x0f0xa8='0xc30xc87D$E.0x14^w0xd2 ]. HTTP method names must be tokens
	at org.apache.coyote.http11.Http11InputBuffer.parseRequestLine(Http11InputBuffer.java:402) ~[tomcat-embed-core-10.1.54.jar!/:na]
	at org.apache.coyote.http11.Http11Processor.service(Http11Processor.java:272) ~[tomcat-embed-core-10.1.54.jar!/:na]
	at org.apache.coyote.AbstractProcessorLight.process(AbstractProcessorLight.java:63) ~[tomcat-embed-core-10.1.54.jar!/:na]
	at org.apache.coyote.AbstractProtocol$ConnectionHandler.process(AbstractProtocol.java:903) ~[tomcat-embed-core-10.1.54.jar!/:na]
	at org.apache.tomcat.util.net.NioEndpoint$SocketProcessor.doRun(NioEndpoint.java:1797) ~[tomcat-embed-core-10.1.54.jar!/:na]
	at org.apache.tomcat.util.net.SocketProcessorBase.run(SocketProcessorBase.java:52) ~[tomcat-embed-core-10.1.54.jar!/:na]
	at org.apache.tomcat.util.threads.ThreadPoolExecutor.runWorker(ThreadPoolExecutor.java:973) ~[tomcat-embed-core-10.1.54.jar!/:na]
	at org.apache.tomcat.util.threads.ThreadPoolExecutor$Worker.run(ThreadPoolExecutor.java:491) ~[tomcat-embed-core-10.1.54.jar!/:na]
	at org.apache.tomcat.util.threads.TaskThread$WrappingRunnable.run(TaskThread.java:63) ~[tomcat-embed-core-10.1.54.jar!/:na]
	at java.base/java.lang.Thread.run(Thread.java:1583) ~[na:na]

2026-06-03T01:02:36.211Z  WARN 9892 --- [plus33-api] [o-8080-exec-130] .w.s.m.s.DefaultHandlerExceptionResolver : Resolved [org.springframework.web.HttpRequestMethodNotSupportedException: Request method 'POST' is not supported]
2026-06-03T01:55:31.374Z  WARN 9892 --- [plus33-api] [o-8080-exec-139] .w.s.m.s.DefaultHandlerExceptionResolver : Resolved [org.springframework.web.HttpRequestMethodNotSupportedException: Request method 'POST' is not supported]
2026-06-03T03:09:55.084Z  WARN 9892 --- [plus33-api] [o-8080-exec-148] .w.s.m.s.DefaultHandlerExceptionResolver : Resolved [org.springframework.web.HttpRequestMethodNotSupportedException: Request method 'POST' is not supported]
2026-06-03T03:34:32.112Z  WARN 9892 --- [plus33-api] [o-8080-exec-144] .w.s.m.s.DefaultHandlerExceptionResolver : Resolved [org.springframework.web.HttpRequestMethodNotSupportedException: Request method 'POST' is not supported]
2026-06-03T04:46:20.917Z  WARN 9892 --- [plus33-api] [o-8080-exec-130] .w.s.m.s.DefaultHandlerExceptionResolver : Resolved [org.springframework.web.HttpRequestMethodNotSupportedException: Request method 'POST' is not supported]
2026-06-03T09:23:26.438Z  WARN 9892 --- [plus33-api] [o-8080-exec-144] .w.s.m.s.DefaultHandlerExceptionResolver : Resolved [org.springframework.web.HttpRequestMethodNotSupportedException: Request method 'POST' is not supported]
2026-06-03T09:34:12.302Z  WARN 9892 --- [plus33-api] [io-8080-exec-95] .w.s.m.s.DefaultHandlerExceptionResolver : Resolved [org.springframework.web.HttpRequestMethodNotSupportedException: Request method 'POST' is not supported]
2026-06-03T09:34:12.693Z  WARN 9892 --- [plus33-api] [o-8080-exec-148] .w.s.m.s.DefaultHandlerExceptionResolver : Resolved [org.springframework.web.HttpRequestMethodNotSupportedException: Request method 'POST' is not supported]
2026-06-03T09:34:13.088Z  WARN 9892 --- [plus33-api] [io-8080-exec-80] .w.s.m.s.DefaultHandlerExceptionResolver : Resolved [org.springframework.web.HttpRequestMethodNotSupportedException: Request method 'POST' is not supported]
2026-06-03T09:34:13.845Z  WARN 9892 --- [plus33-api] [o-8080-exec-106] .w.s.m.s.DefaultHandlerExceptionResolver : Resolved [org.springframework.web.HttpRequestMethodNotSupportedException: Request method 'POST' is not supported]
2026-06-03T09:34:59.148Z  WARN 9892 --- [plus33-api] [o-8080-exec-106] .w.s.m.s.DefaultHandlerExceptionResolver : Resolved [org.springframework.web.HttpRequestMethodNotSupportedException: Request method 'POST' is not supported]
2026-06-03T09:34:59.529Z  WARN 9892 --- [plus33-api] [o-8080-exec-144] .w.s.m.s.DefaultHandlerExceptionResolver : Resolved [org.springframework.web.HttpRequestMethodNotSupportedException: Request method 'POST' is not supported]
2026-06-03T09:34:59.907Z  WARN 9892 --- [plus33-api] [o-8080-exec-117] .w.s.m.s.DefaultHandlerExceptionResolver : Resolved [org.springframework.web.HttpRequestMethodNotSupportedException: Request method 'POST' is not supported]
2026-06-03T09:35:00.657Z  WARN 9892 --- [plus33-api] [io-8080-exec-80] .w.s.m.s.DefaultHandlerExceptionResolver : Resolved [org.springframework.web.HttpRequestMethodNotSupportedException: Request method 'POST' is not supported]
2026-06-03T09:35:27.730Z  WARN 9892 --- [plus33-api] [o-8080-exec-136] .w.s.m.s.DefaultHandlerExceptionResolver : Resolved [org.springframework.web.HttpRequestMethodNotSupportedException: Request method 'POST' is not supported]
2026-06-03T11:58:58.256Z  WARN 9892 --- [plus33-api] [io-8080-exec-95] .w.s.m.s.DefaultHandlerExceptionResolver : Resolved [org.springframework.web.HttpRequestMethodNotSupportedException: Request method 'POST' is not supported]
2026-06-03T15:20:56.327Z  WARN 9892 --- [plus33-api] [o-8080-exec-117] .w.s.m.s.DefaultHandlerExceptionResolver : Resolved [org.springframework.web.HttpRequestMethodNotSupportedException: Request method 'POST' is not supported]
2026-06-03T15:21:43.838Z  INFO 9892 --- [plus33-api] [io-8080-exec-80] o.apache.coyote.http11.Http11Processor   : Error parsing HTTP request header
 Note: further occurrences of HTTP request parsing errors will be logged at DEBUG level.

java.lang.IllegalArgumentException: Invalid character found in the request target [/index.php?s=/index/\think\app/invokefunction&function=call_user_func_array&vars[0]=md5&vars[1][]=Hello ]. The valid characters are defined in RFC 7230 and RFC 3986
	at org.apache.coyote.http11.Http11InputBuffer.parseRequestLine(Http11InputBuffer.java:477) ~[tomcat-embed-core-10.1.54.jar!/:na]
	at org.apache.coyote.http11.Http11Processor.service(Http11Processor.java:272) ~[tomcat-embed-core-10.1.54.jar!/:na]
	at org.apache.coyote.AbstractProcessorLight.process(AbstractProcessorLight.java:63) ~[tomcat-embed-core-10.1.54.jar!/:na]
	at org.apache.coyote.AbstractProtocol$ConnectionHandler.process(AbstractProtocol.java:903) ~[tomcat-embed-core-10.1.54.jar!/:na]
	at org.apache.tomcat.util.net.NioEndpoint$SocketProcessor.doRun(NioEndpoint.java:1797) ~[tomcat-embed-core-10.1.54.jar!/:na]
	at org.apache.tomcat.util.net.SocketProcessorBase.run(SocketProcessorBase.java:52) ~[tomcat-embed-core-10.1.54.jar!/:na]
	at org.apache.tomcat.util.threads.ThreadPoolExecutor.runWorker(ThreadPoolExecutor.java:973) ~[tomcat-embed-core-10.1.54.jar!/:na]
	at org.apache.tomcat.util.threads.ThreadPoolExecutor$Worker.run(ThreadPoolExecutor.java:491) ~[tomcat-embed-core-10.1.54.jar!/:na]
	at org.apache.tomcat.util.threads.TaskThread$WrappingRunnable.run(TaskThread.java:63) ~[tomcat-embed-core-10.1.54.jar!/:na]
	at java.base/java.lang.Thread.run(Thread.java:1583) ~[na:na]

2026-06-03T15:28:33.352Z  WARN 9892 --- [plus33-api] [io-8080-exec-95] .w.s.m.s.DefaultHandlerExceptionResolver : Resolved [org.springframework.web.HttpRequestMethodNotSupportedException: Request method 'POST' is not supported]
2026-06-03T19:32:28.158Z  WARN 9892 --- [plus33-api] [o-8080-exec-106] .w.s.m.s.DefaultHandlerExceptionResolver : Resolved [org.springframework.web.HttpRequestMethodNotSupportedException: Request method 'POST' is not supported]
2026-06-03T20:23:53.024Z  WARN 9892 --- [plus33-api] [o-8080-exec-117] .w.s.m.s.DefaultHandlerExceptionResolver : Resolved [org.springframework.web.HttpRequestMethodNotSupportedException: Request method 'POST' is not supported]
2026-06-03T22:55:04.952Z  INFO 9892 --- [plus33-api] [o-8080-exec-139] o.apache.coyote.http11.Http11Processor   : Error parsing HTTP request header
 Note: further occurrences of HTTP request parsing errors will be logged at DEBUG level.

java.lang.IllegalArgumentException: Invalid character found in method name [0x160x030x010x000xfd0x010x000x000xf90x030x0320xa50xa30xda0x07u0xe80x7f0xc6.QIH0xa30x040x030x160xeb0xcc0x1f0x050x0fR0xde0xfdB0x110x97z0xb6[w ]. HTTP method names must be tokens
	at org.apache.coyote.http11.Http11InputBuffer.parseRequestLine(Http11InputBuffer.java:402) ~[tomcat-embed-core-10.1.54.jar!/:na]
	at org.apache.coyote.http11.Http11Processor.service(Http11Processor.java:272) ~[tomcat-embed-core-10.1.54.jar!/:na]
	at org.apache.coyote.AbstractProcessorLight.process(AbstractProcessorLight.java:63) ~[tomcat-embed-core-10.1.54.jar!/:na]
	at org.apache.coyote.AbstractProtocol$ConnectionHandler.process(AbstractProtocol.java:903) ~[tomcat-embed-core-10.1.54.jar!/:na]
	at org.apache.tomcat.util.net.NioEndpoint$SocketProcessor.doRun(NioEndpoint.java:1797) ~[tomcat-embed-core-10.1.54.jar!/:na]
	at org.apache.tomcat.util.net.SocketProcessorBase.run(SocketProcessorBase.java:52) ~[tomcat-embed-core-10.1.54.jar!/:na]
	at org.apache.tomcat.util.threads.ThreadPoolExecutor.runWorker(ThreadPoolExecutor.java:973) ~[tomcat-embed-core-10.1.54.jar!/:na]
	at org.apache.tomcat.util.threads.ThreadPoolExecutor$Worker.run(ThreadPoolExecutor.java:491) ~[tomcat-embed-core-10.1.54.jar!/:na]
	at org.apache.tomcat.util.threads.TaskThread$WrappingRunnable.run(TaskThread.java:63) ~[tomcat-embed-core-10.1.54.jar!/:na]
	at java.base/java.lang.Thread.run(Thread.java:1583) ~[na:na]

2026-06-03T23:08:05.715Z  WARN 9892 --- [plus33-api] [o-8080-exec-130] .w.s.m.s.DefaultHandlerExceptionResolver : Resolved [org.springframework.web.HttpRequestMethodNotSupportedException: Request method 'POST' is not supported]
2026-06-04T00:08:11.423Z  INFO 9892 --- [plus33-api] [o-8080-exec-148] o.apache.coyote.http11.Http11Processor   : Error parsing HTTP request header
 Note: further occurrences of HTTP request parsing errors will be logged at DEBUG level.

java.lang.IllegalArgumentException: Invalid character found in method name [0x160x030x010x01g0x010x000x01c0x030x030xbf0x0d0x1fZ0xd59zq0xf40xe30x850xc40xb80xbc50xe30xd3rz0xd10x960x03}j0xa90x060x19Q0xea0x8a0x990x13 ]. HTTP method names must be tokens
	at org.apache.coyote.http11.Http11InputBuffer.parseRequestLine(Http11InputBuffer.java:402) ~[tomcat-embed-core-10.1.54.jar!/:na]
	at org.apache.coyote.http11.Http11Processor.service(Http11Processor.java:272) ~[tomcat-embed-core-10.1.54.jar!/:na]
	at org.apache.coyote.AbstractProcessorLight.process(AbstractProcessorLight.java:63) ~[tomcat-embed-core-10.1.54.jar!/:na]
	at org.apache.coyote.AbstractProtocol$ConnectionHandler.process(AbstractProtocol.java:903) ~[tomcat-embed-core-10.1.54.jar!/:na]
	at org.apache.tomcat.util.net.NioEndpoint$SocketProcessor.doRun(NioEndpoint.java:1797) ~[tomcat-embed-core-10.1.54.jar!/:na]
	at org.apache.tomcat.util.net.SocketProcessorBase.run(SocketProcessorBase.java:52) ~[tomcat-embed-core-10.1.54.jar!/:na]
	at org.apache.tomcat.util.threads.ThreadPoolExecutor.runWorker(ThreadPoolExecutor.java:973) ~[tomcat-embed-core-10.1.54.jar!/:na]
	at org.apache.tomcat.util.threads.ThreadPoolExecutor$Worker.run(ThreadPoolExecutor.java:491) ~[tomcat-embed-core-10.1.54.jar!/:na]
	at org.apache.tomcat.util.threads.TaskThread$WrappingRunnable.run(TaskThread.java:63) ~[tomcat-embed-core-10.1.54.jar!/:na]
	at java.base/java.lang.Thread.run(Thread.java:1583) ~[na:na]

2026-06-04T03:42:58.838Z  INFO 9892 --- [plus33-api] [o-8080-exec-148] o.apache.coyote.http11.Http11Processor   : Error parsing HTTP request header
 Note: further occurrences of HTTP request parsing errors will be logged at DEBUG level.

java.lang.IllegalArgumentException: Invalid character found in method name [0x160x030x010x010x000x010x000x000xfc0x030x030xa50xfa0x860xde0xb20xd8[0xbbF0xb5w0x04o%|0x8fE0xab0xfa0x180x1axU0x8e0xde0x950x9aF0xe10x9f0x19J ]. HTTP method names must be tokens
	at org.apache.coyote.http11.Http11InputBuffer.parseRequestLine(Http11InputBuffer.java:402) ~[tomcat-embed-core-10.1.54.jar!/:na]
	at org.apache.coyote.http11.Http11Processor.service(Http11Processor.java:272) ~[tomcat-embed-core-10.1.54.jar!/:na]
	at org.apache.coyote.AbstractProcessorLight.process(AbstractProcessorLight.java:63) ~[tomcat-embed-core-10.1.54.jar!/:na]
	at org.apache.coyote.AbstractProtocol$ConnectionHandler.process(AbstractProtocol.java:903) ~[tomcat-embed-core-10.1.54.jar!/:na]
	at org.apache.tomcat.util.net.NioEndpoint$SocketProcessor.doRun(NioEndpoint.java:1797) ~[tomcat-embed-core-10.1.54.jar!/:na]
	at org.apache.tomcat.util.net.SocketProcessorBase.run(SocketProcessorBase.java:52) ~[tomcat-embed-core-10.1.54.jar!/:na]
	at org.apache.tomcat.util.threads.ThreadPoolExecutor.runWorker(ThreadPoolExecutor.java:973) ~[tomcat-embed-core-10.1.54.jar!/:na]
	at org.apache.tomcat.util.threads.ThreadPoolExecutor$Worker.run(ThreadPoolExecutor.java:491) ~[tomcat-embed-core-10.1.54.jar!/:na]
	at org.apache.tomcat.util.threads.TaskThread$WrappingRunnable.run(TaskThread.java:63) ~[tomcat-embed-core-10.1.54.jar!/:na]
	at java.base/java.lang.Thread.run(Thread.java:1583) ~[na:na]

2026-06-04T03:54:00.285Z  WARN 9892 --- [plus33-api] [io-8080-exec-80] .w.s.m.s.DefaultHandlerExceptionResolver : Resolved [org.springframework.web.HttpRequestMethodNotSupportedException: Request method 'POST' is not supported]
2026-06-04T06:03:49.901Z  WARN 9892 --- [plus33-api] [io-8080-exec-80] .w.s.m.s.DefaultHandlerExceptionResolver : Resolved [org.springframework.web.HttpRequestMethodNotSupportedException: Request method 'POST' is not supported]
2026-06-04T08:39:48.063Z  WARN 9892 --- [plus33-api] [io-8080-exec-80] .w.s.m.s.DefaultHandlerExceptionResolver : Resolved [org.springframework.web.HttpRequestMethodNotSupportedException: Request method 'POST' is not supported]
2026-06-04T09:30:32.596Z  INFO 9892 --- [plus33-api] [o-8080-exec-142] o.apache.coyote.http11.Http11Processor   : Error parsing HTTP request header
 Note: further occurrences of HTTP request parsing errors will be logged at DEBUG level.

java.lang.IllegalArgumentException: Invalid character found in method name [0x160x030x010x000xea0x010x000x000xe60x030x03J0x000xea0xf1Qm ]. HTTP method names must be tokens
	at org.apache.coyote.http11.Http11InputBuffer.parseRequestLine(Http11InputBuffer.java:402) ~[tomcat-embed-core-10.1.54.jar!/:na]
	at org.apache.coyote.http11.Http11Processor.service(Http11Processor.java:272) ~[tomcat-embed-core-10.1.54.jar!/:na]
	at org.apache.coyote.AbstractProcessorLight.process(AbstractProcessorLight.java:63) ~[tomcat-embed-core-10.1.54.jar!/:na]
	at org.apache.coyote.AbstractProtocol$ConnectionHandler.process(AbstractProtocol.java:903) ~[tomcat-embed-core-10.1.54.jar!/:na]
	at org.apache.tomcat.util.net.NioEndpoint$SocketProcessor.doRun(NioEndpoint.java:1797) ~[tomcat-embed-core-10.1.54.jar!/:na]
	at org.apache.tomcat.util.net.SocketProcessorBase.run(SocketProcessorBase.java:52) ~[tomcat-embed-core-10.1.54.jar!/:na]
	at org.apache.tomcat.util.threads.ThreadPoolExecutor.runWorker(ThreadPoolExecutor.java:973) ~[tomcat-embed-core-10.1.54.jar!/:na]
	at org.apache.tomcat.util.threads.ThreadPoolExecutor$Worker.run(ThreadPoolExecutor.java:491) ~[tomcat-embed-core-10.1.54.jar!/:na]
	at org.apache.tomcat.util.threads.TaskThread$WrappingRunnable.run(TaskThread.java:63) ~[tomcat-embed-core-10.1.54.jar!/:na]
	at java.base/java.lang.Thread.run(Thread.java:1583) ~[na:na]

2026-06-04T11:45:03.960Z  INFO 9892 --- [plus33-api] [o-8080-exec-139] o.apache.coyote.http11.Http11Processor   : Error parsing HTTP request header
 Note: further occurrences of HTTP request parsing errors will be logged at DEBUG level.

java.lang.IllegalArgumentException: Invalid character found in method name [0x160x030x010x010x0c0x010x000x010x080x030x030x8dD0xad0xbfK0xdf0xd5oW{<>0x1a0x910x080xab0xc90xcb00x0b0xfc0xf10xbb0xe0lB0xe8+0xd2s0xae0xba ]. HTTP method names must be tokens
	at org.apache.coyote.http11.Http11InputBuffer.parseRequestLine(Http11InputBuffer.java:402) ~[tomcat-embed-core-10.1.54.jar!/:na]
	at org.apache.coyote.http11.Http11Processor.service(Http11Processor.java:272) ~[tomcat-embed-core-10.1.54.jar!/:na]
	at org.apache.coyote.AbstractProcessorLight.process(AbstractProcessorLight.java:63) ~[tomcat-embed-core-10.1.54.jar!/:na]
	at org.apache.coyote.AbstractProtocol$ConnectionHandler.process(AbstractProtocol.java:903) ~[tomcat-embed-core-10.1.54.jar!/:na]
	at org.apache.tomcat.util.net.NioEndpoint$SocketProcessor.doRun(NioEndpoint.java:1797) ~[tomcat-embed-core-10.1.54.jar!/:na]
	at org.apache.tomcat.util.net.SocketProcessorBase.run(SocketProcessorBase.java:52) ~[tomcat-embed-core-10.1.54.jar!/:na]
	at org.apache.tomcat.util.threads.ThreadPoolExecutor.runWorker(ThreadPoolExecutor.java:973) ~[tomcat-embed-core-10.1.54.jar!/:na]
	at org.apache.tomcat.util.threads.ThreadPoolExecutor$Worker.run(ThreadPoolExecutor.java:491) ~[tomcat-embed-core-10.1.54.jar!/:na]
	at org.apache.tomcat.util.threads.TaskThread$WrappingRunnable.run(TaskThread.java:63) ~[tomcat-embed-core-10.1.54.jar!/:na]
	at java.base/java.lang.Thread.run(Thread.java:1583) ~[na:na]

2026-06-04T12:47:29.585Z  WARN 9892 --- [plus33-api] [o-8080-exec-139] .w.s.m.s.DefaultHandlerExceptionResolver : Resolved [org.springframework.web.HttpRequestMethodNotSupportedException: Request method 'POST' is not supported]
2026-06-04T13:15:11.108Z  WARN 9892 --- [plus33-api] [o-8080-exec-106] .w.s.m.s.DefaultHandlerExceptionResolver : Resolved [org.springframework.web.HttpRequestMethodNotSupportedException: Request method 'POST' is not supported]
2026-06-04T13:15:13.427Z  WARN 9892 --- [plus33-api] [o-8080-exec-136] .w.s.m.s.DefaultHandlerExceptionResolver : Resolved [org.springframework.web.HttpRequestMethodNotSupportedException: Request method 'POST' is not supported]
2026-06-04T14:22:45.002Z  WARN 9892 --- [plus33-api] [io-8080-exec-80] .w.s.m.s.DefaultHandlerExceptionResolver : Resolved [org.springframework.web.HttpRequestMethodNotSupportedException: Request method 'POST' is not supported]
2026-06-04T16:08:05.514Z  WARN 9892 --- [plus33-api] [o-8080-exec-158] .w.s.m.s.DefaultHandlerExceptionResolver : Resolved [org.springframework.web.HttpRequestMethodNotSupportedException: Request method 'POST' is not supported]
2026-06-04T17:48:04.158Z  INFO 9892 --- [plus33-api] [o-8080-exec-151] o.apache.coyote.http11.Http11Processor   : Error parsing HTTP request header
 Note: further occurrences of HTTP request parsing errors will be logged at DEBUG level.

java.lang.IllegalArgumentException: Invalid character found in method name [MGLNDD_34.93.105.254_80800x0a...]. HTTP method names must be tokens
	at org.apache.coyote.http11.Http11InputBuffer.parseRequestLine(Http11InputBuffer.java:402) ~[tomcat-embed-core-10.1.54.jar!/:na]
	at org.apache.coyote.http11.Http11Processor.service(Http11Processor.java:272) ~[tomcat-embed-core-10.1.54.jar!/:na]
	at org.apache.coyote.AbstractProcessorLight.process(AbstractProcessorLight.java:63) ~[tomcat-embed-core-10.1.54.jar!/:na]
	at org.apache.coyote.AbstractProtocol$ConnectionHandler.process(AbstractProtocol.java:903) ~[tomcat-embed-core-10.1.54.jar!/:na]
	at org.apache.tomcat.util.net.NioEndpoint$SocketProcessor.doRun(NioEndpoint.java:1797) ~[tomcat-embed-core-10.1.54.jar!/:na]
	at org.apache.tomcat.util.net.SocketProcessorBase.run(SocketProcessorBase.java:52) ~[tomcat-embed-core-10.1.54.jar!/:na]
	at org.apache.tomcat.util.threads.ThreadPoolExecutor.runWorker(ThreadPoolExecutor.java:973) ~[tomcat-embed-core-10.1.54.jar!/:na]
	at org.apache.tomcat.util.threads.ThreadPoolExecutor$Worker.run(ThreadPoolExecutor.java:491) ~[tomcat-embed-core-10.1.54.jar!/:na]
	at org.apache.tomcat.util.threads.TaskThread$WrappingRunnable.run(TaskThread.java:63) ~[tomcat-embed-core-10.1.54.jar!/:na]
	at java.base/java.lang.Thread.run(Thread.java:1583) ~[na:na]

2026-06-04T18:25:21.158Z  WARN 9892 --- [plus33-api] [o-8080-exec-139] .w.s.m.s.DefaultHandlerExceptionResolver : Resolved [org.springframework.web.HttpRequestMethodNotSupportedException: Request method 'POST' is not supported]
2026-06-04T19:00:20.313Z  INFO 9892 --- [plus33-api] [o-8080-exec-161] o.apache.coyote.http11.Http11Processor   : Error parsing HTTP request header
 Note: further occurrences of HTTP request parsing errors will be logged at DEBUG level.

java.lang.IllegalArgumentException: Invalid character found in method name [0x160x030x010x000xea0x010x000x000xe60x030x030x170xbbp0x840xedj0xf5($0x18'$|0x880xbcpP0xc80x9d0xb80x18O0x8e0xf160xcc0xd80xa60x0e0xf50xa8s ]. HTTP method names must be tokens
	at org.apache.coyote.http11.Http11InputBuffer.parseRequestLine(Http11InputBuffer.java:402) ~[tomcat-embed-core-10.1.54.jar!/:na]
	at org.apache.coyote.http11.Http11Processor.service(Http11Processor.java:272) ~[tomcat-embed-core-10.1.54.jar!/:na]
	at org.apache.coyote.AbstractProcessorLight.process(AbstractProcessorLight.java:63) ~[tomcat-embed-core-10.1.54.jar!/:na]
	at org.apache.coyote.AbstractProtocol$ConnectionHandler.process(AbstractProtocol.java:903) ~[tomcat-embed-core-10.1.54.jar!/:na]
	at org.apache.tomcat.util.net.NioEndpoint$SocketProcessor.doRun(NioEndpoint.java:1797) ~[tomcat-embed-core-10.1.54.jar!/:na]
	at org.apache.tomcat.util.net.SocketProcessorBase.run(SocketProcessorBase.java:52) ~[tomcat-embed-core-10.1.54.jar!/:na]
	at org.apache.tomcat.util.threads.ThreadPoolExecutor.runWorker(ThreadPoolExecutor.java:973) ~[tomcat-embed-core-10.1.54.jar!/:na]
	at org.apache.tomcat.util.threads.ThreadPoolExecutor$Worker.run(ThreadPoolExecutor.java:491) ~[tomcat-embed-core-10.1.54.jar!/:na]
	at org.apache.tomcat.util.threads.TaskThread$WrappingRunnable.run(TaskThread.java:63) ~[tomcat-embed-core-10.1.54.jar!/:na]
	at java.base/java.lang.Thread.run(Thread.java:1583) ~[na:na]

2026-06-04T19:00:20.309Z  INFO 9892 --- [plus33-api] [o-8080-exec-162] o.apache.coyote.http11.Http11Processor   : Error parsing HTTP request header
 Note: further occurrences of HTTP request parsing errors will be logged at DEBUG level.

java.lang.IllegalArgumentException: Invalid character found in method name [0x160x030x010x000xea0x010x000x000xe60x030x030xe80x0e0xd90x1e0xd20x8c0xe9a80xd30xfa0xf80x1d'0x13f0xc80xe90x1b0xfc0xc6k0x97&0xa60x0d_u0xaf0xcf70xfb ]. HTTP method names must be tokens
	at org.apache.coyote.http11.Http11InputBuffer.parseRequestLine(Http11InputBuffer.java:402) ~[tomcat-embed-core-10.1.54.jar!/:na]
	at org.apache.coyote.http11.Http11Processor.service(Http11Processor.java:272) ~[tomcat-embed-core-10.1.54.jar!/:na]
	at org.apache.coyote.AbstractProcessorLight.process(AbstractProcessorLight.java:63) ~[tomcat-embed-core-10.1.54.jar!/:na]
	at org.apache.coyote.AbstractProtocol$ConnectionHandler.process(AbstractProtocol.java:903) ~[tomcat-embed-core-10.1.54.jar!/:na]
	at org.apache.tomcat.util.net.NioEndpoint$SocketProcessor.doRun(NioEndpoint.java:1797) ~[tomcat-embed-core-10.1.54.jar!/:na]
	at org.apache.tomcat.util.net.SocketProcessorBase.run(SocketProcessorBase.java:52) ~[tomcat-embed-core-10.1.54.jar!/:na]
	at org.apache.tomcat.util.threads.ThreadPoolExecutor.runWorker(ThreadPoolExecutor.java:973) ~[tomcat-embed-core-10.1.54.jar!/:na]
	at org.apache.tomcat.util.threads.ThreadPoolExecutor$Worker.run(ThreadPoolExecutor.java:491) ~[tomcat-embed-core-10.1.54.jar!/:na]
	at org.apache.tomcat.util.threads.TaskThread$WrappingRunnable.run(TaskThread.java:63) ~[tomcat-embed-core-10.1.54.jar!/:na]
	at java.base/java.lang.Thread.run(Thread.java:1583) ~[na:na]

2026-06-04T19:00:20.318Z  INFO 9892 --- [plus33-api] [o-8080-exec-144] o.apache.coyote.http11.Http11Processor   : Error parsing HTTP request header
 Note: further occurrences of HTTP request parsing errors will be logged at DEBUG level.

java.lang.IllegalArgumentException: Invalid character found in method name [0x160x030x010x000xea0x010x000x000xe60x030x030xfd0x910x020xbb0xf50xbd0x170xf2$b70x84_0xd70xf2}0x9c0x130xab0xf1u];0x030x9bO%D0x1c#0x05^ ]. HTTP method names must be tokens
	at org.apache.coyote.http11.Http11InputBuffer.parseRequestLine(Http11InputBuffer.java:402) ~[tomcat-embed-core-10.1.54.jar!/:na]
	at org.apache.coyote.http11.Http11Processor.service(Http11Processor.java:272) ~[tomcat-embed-core-10.1.54.jar!/:na]
	at org.apache.coyote.AbstractProcessorLight.process(AbstractProcessorLight.java:63) ~[tomcat-embed-core-10.1.54.jar!/:na]
	at org.apache.coyote.AbstractProtocol$ConnectionHandler.process(AbstractProtocol.java:903) ~[tomcat-embed-core-10.1.54.jar!/:na]
	at org.apache.tomcat.util.net.NioEndpoint$SocketProcessor.doRun(NioEndpoint.java:1797) ~[tomcat-embed-core-10.1.54.jar!/:na]
	at org.apache.tomcat.util.net.SocketProcessorBase.run(SocketProcessorBase.java:52) ~[tomcat-embed-core-10.1.54.jar!/:na]
	at org.apache.tomcat.util.threads.ThreadPoolExecutor.runWorker(ThreadPoolExecutor.java:973) ~[tomcat-embed-core-10.1.54.jar!/:na]
	at org.apache.tomcat.util.threads.ThreadPoolExecutor$Worker.run(ThreadPoolExecutor.java:491) ~[tomcat-embed-core-10.1.54.jar!/:na]
	at org.apache.tomcat.util.threads.TaskThread$WrappingRunnable.run(TaskThread.java:63) ~[tomcat-embed-core-10.1.54.jar!/:na]
	at java.base/java.lang.Thread.run(Thread.java:1583) ~[na:na]

2026-06-04T19:00:20.309Z  INFO 9892 --- [plus33-api] [o-8080-exec-158] o.apache.coyote.http11.Http11Processor   : Error parsing HTTP request header
 Note: further occurrences of HTTP request parsing errors will be logged at DEBUG level.

java.lang.IllegalArgumentException: Invalid character found in method name [0x160x030x010x000xea0x010x000x000xe60x030x030x190xf60xd0d0xd50x090x160x0b0xfeF0xd70xdb0xa70x840x920xa9K0xdf0x8130xa70xe00xaf|]0x940xee2]Z0xe6F ]. HTTP method names must be tokens
	at org.apache.coyote.http11.Http11InputBuffer.parseRequestLine(Http11InputBuffer.java:402) ~[tomcat-embed-core-10.1.54.jar!/:na]
	at org.apache.coyote.http11.Http11Processor.service(Http11Processor.java:272) ~[tomcat-embed-core-10.1.54.jar!/:na]
	at org.apache.coyote.AbstractProcessorLight.process(AbstractProcessorLight.java:63) ~[tomcat-embed-core-10.1.54.jar!/:na]
	at org.apache.coyote.AbstractProtocol$ConnectionHandler.process(AbstractProtocol.java:903) ~[tomcat-embed-core-10.1.54.jar!/:na]
	at org.apache.tomcat.util.net.NioEndpoint$SocketProcessor.doRun(NioEndpoint.java:1797) ~[tomcat-embed-core-10.1.54.jar!/:na]
	at org.apache.tomcat.util.net.SocketProcessorBase.run(SocketProcessorBase.java:52) ~[tomcat-embed-core-10.1.54.jar!/:na]
	at org.apache.tomcat.util.threads.ThreadPoolExecutor.runWorker(ThreadPoolExecutor.java:973) ~[tomcat-embed-core-10.1.54.jar!/:na]
	at org.apache.tomcat.util.threads.ThreadPoolExecutor$Worker.run(ThreadPoolExecutor.java:491) ~[tomcat-embed-core-10.1.54.jar!/:na]
	at org.apache.tomcat.util.threads.TaskThread$WrappingRunnable.run(TaskThread.java:63) ~[tomcat-embed-core-10.1.54.jar!/:na]
	at java.base/java.lang.Thread.run(Thread.java:1583) ~[na:na]

2026-06-04T19:00:20.329Z  INFO 9892 --- [plus33-api] [o-8080-exec-160] o.apache.coyote.http11.Http11Processor   : Error parsing HTTP request header
 Note: further occurrences of HTTP request parsing errors will be logged at DEBUG level.

java.lang.IllegalArgumentException: Invalid character found in method name [0x160x030x010x000xea0x010x000x000xe60x030x03YM0x0e/0xa2o0xb9vr0x800xeb0xd4R0xcd0x130xdaT6I<ZM0x95A0xb30x9f0xfaX0xa70x990xbf0xa4 ]. HTTP method names must be tokens
	at org.apache.coyote.http11.Http11InputBuffer.parseRequestLine(Http11InputBuffer.java:402) ~[tomcat-embed-core-10.1.54.jar!/:na]
	at org.apache.coyote.http11.Http11Processor.service(Http11Processor.java:272) ~[tomcat-embed-core-10.1.54.jar!/:na]
	at org.apache.coyote.AbstractProcessorLight.process(AbstractProcessorLight.java:63) ~[tomcat-embed-core-10.1.54.jar!/:na]
	at org.apache.coyote.AbstractProtocol$ConnectionHandler.process(AbstractProtocol.java:903) ~[tomcat-embed-core-10.1.54.jar!/:na]
	at org.apache.tomcat.util.net.NioEndpoint$SocketProcessor.doRun(NioEndpoint.java:1797) ~[tomcat-embed-core-10.1.54.jar!/:na]
	at org.apache.tomcat.util.net.SocketProcessorBase.run(SocketProcessorBase.java:52) ~[tomcat-embed-core-10.1.54.jar!/:na]
	at org.apache.tomcat.util.threads.ThreadPoolExecutor.runWorker(ThreadPoolExecutor.java:973) ~[tomcat-embed-core-10.1.54.jar!/:na]
	at org.apache.tomcat.util.threads.ThreadPoolExecutor$Worker.run(ThreadPoolExecutor.java:491) ~[tomcat-embed-core-10.1.54.jar!/:na]
	at org.apache.tomcat.util.threads.TaskThread$WrappingRunnable.run(TaskThread.java:63) ~[tomcat-embed-core-10.1.54.jar!/:na]
	at java.base/java.lang.Thread.run(Thread.java:1583) ~[na:na]

2026-06-04T19:00:20.332Z  INFO 9892 --- [plus33-api] [o-8080-exec-139] o.apache.coyote.http11.Http11Processor   : Error parsing HTTP request header
 Note: further occurrences of HTTP request parsing errors will be logged at DEBUG level.

java.lang.IllegalArgumentException: Invalid character found in method name [0x160x030x010x000xea0x010x000x000xe60x030x030xa80x17!0xf9k0xb70bf[0xb30xe00x000xb1_H0x1b0xe20xd40xfek0x160x960xbd0x0a0xbe(0x950xc3B0x1a0xb2 ]. HTTP method names must be tokens
	at org.apache.coyote.http11.Http11InputBuffer.parseRequestLine(Http11InputBuffer.java:402) ~[tomcat-embed-core-10.1.54.jar!/:na]
	at org.apache.coyote.http11.Http11Processor.service(Http11Processor.java:272) ~[tomcat-embed-core-10.1.54.jar!/:na]
	at org.apache.coyote.AbstractProcessorLight.process(AbstractProcessorLight.java:63) ~[tomcat-embed-core-10.1.54.jar!/:na]
	at org.apache.coyote.AbstractProtocol$ConnectionHandler.process(AbstractProtocol.java:903) ~[tomcat-embed-core-10.1.54.jar!/:na]
	at org.apache.tomcat.util.net.NioEndpoint$SocketProcessor.doRun(NioEndpoint.java:1797) ~[tomcat-embed-core-10.1.54.jar!/:na]
	at org.apache.tomcat.util.net.SocketProcessorBase.run(SocketProcessorBase.java:52) ~[tomcat-embed-core-10.1.54.jar!/:na]
	at org.apache.tomcat.util.threads.ThreadPoolExecutor.runWorker(ThreadPoolExecutor.java:973) ~[tomcat-embed-core-10.1.54.jar!/:na]
	at org.apache.tomcat.util.threads.ThreadPoolExecutor$Worker.run(ThreadPoolExecutor.java:491) ~[tomcat-embed-core-10.1.54.jar!/:na]
	at org.apache.tomcat.util.threads.TaskThread$WrappingRunnable.run(TaskThread.java:63) ~[tomcat-embed-core-10.1.54.jar!/:na]
	at java.base/java.lang.Thread.run(Thread.java:1583) ~[na:na]

2026-06-04T19:26:58.252Z  WARN 9892 --- [plus33-api] [o-8080-exec-155] .w.s.m.s.DefaultHandlerExceptionResolver : Resolved [org.springframework.web.HttpRequestMethodNotSupportedException: Request method 'POST' is not supported]
2026-06-04T21:07:27.279Z  WARN 9892 --- [plus33-api] [o-8080-exec-144] .w.s.m.s.DefaultHandlerExceptionResolver : Resolved [org.springframework.web.HttpRequestMethodNotSupportedException: Request method 'POST' is not supported]
2026-06-04T22:48:44.708Z  WARN 9892 --- [plus33-api] [o-8080-exec-139] .w.s.m.s.DefaultHandlerExceptionResolver : Resolved [org.springframework.web.HttpRequestMethodNotSupportedException: Request method 'POST' is not supported]
2026-06-05T00:24:18.736Z  WARN 9892 --- [plus33-api] [o-8080-exec-144] .w.s.m.s.DefaultHandlerExceptionResolver : Resolved [org.springframework.web.HttpRequestMethodNotSupportedException: Request method 'POST' is not supported]
2026-06-05T03:08:29.144Z  WARN 9892 --- [plus33-api] [o-8080-exec-160] .w.s.m.s.DefaultHandlerExceptionResolver : Resolved [org.springframework.web.HttpRequestMethodNotSupportedException: Request method 'POST' is not supported]
2026-06-05T09:07:32.784Z  WARN 9892 --- [plus33-api] [o-8080-exec-139] .w.s.m.s.DefaultHandlerExceptionResolver : Resolved [org.springframework.web.HttpRequestMethodNotSupportedException: Request method 'POST' is not supported]
2026-06-05T10:15:44.397Z  WARN 9892 --- [plus33-api] [o-8080-exec-163] .w.s.m.s.DefaultHandlerExceptionResolver : Resolved [org.springframework.web.HttpRequestMethodNotSupportedException: Request method 'POST' is not supported]
2026-06-05T11:25:54.939Z  WARN 9892 --- [plus33-api] [o-8080-exec-167] .w.s.m.s.DefaultHandlerExceptionResolver : Resolved [org.springframework.web.HttpRequestMethodNotSupportedException: Request method 'POST' is not supported]
2026-06-05T13:05:20.640Z  INFO 9892 --- [plus33-api] [o-8080-exec-172] o.apache.coyote.http11.Http11Processor   : Error parsing HTTP request header
 Note: further occurrences of HTTP request parsing errors will be logged at DEBUG level.

java.lang.IllegalArgumentException: Invalid character found in method name [0x160x030x020x01o0x010x000x01k0x030x02RH0xc50x1a#0xf7:N0xdf0xe20xb40x82/0xff0x09T0x9f0xa70xc4y0xb0h0xc60x130x8c0xa40x1c="0xe10x1a0x98 ]. HTTP method names must be tokens
	at org.apache.coyote.http11.Http11InputBuffer.parseRequestLine(Http11InputBuffer.java:402) ~[tomcat-embed-core-10.1.54.jar!/:na]
	at org.apache.coyote.http11.Http11Processor.service(Http11Processor.java:272) ~[tomcat-embed-core-10.1.54.jar!/:na]
	at org.apache.coyote.AbstractProcessorLight.process(AbstractProcessorLight.java:63) ~[tomcat-embed-core-10.1.54.jar!/:na]
	at org.apache.coyote.AbstractProtocol$ConnectionHandler.process(AbstractProtocol.java:903) ~[tomcat-embed-core-10.1.54.jar!/:na]
	at org.apache.tomcat.util.net.NioEndpoint$SocketProcessor.doRun(NioEndpoint.java:1797) ~[tomcat-embed-core-10.1.54.jar!/:na]
	at org.apache.tomcat.util.net.SocketProcessorBase.run(SocketProcessorBase.java:52) ~[tomcat-embed-core-10.1.54.jar!/:na]
	at org.apache.tomcat.util.threads.ThreadPoolExecutor.runWorker(ThreadPoolExecutor.java:973) ~[tomcat-embed-core-10.1.54.jar!/:na]
	at org.apache.tomcat.util.threads.ThreadPoolExecutor$Worker.run(ThreadPoolExecutor.java:491) ~[tomcat-embed-core-10.1.54.jar!/:na]
	at org.apache.tomcat.util.threads.TaskThread$WrappingRunnable.run(TaskThread.java:63) ~[tomcat-embed-core-10.1.54.jar!/:na]
	at java.base/java.lang.Thread.run(Thread.java:1583) ~[na:na]

2026-06-05T14:48:53.178Z  WARN 9892 --- [plus33-api] [o-8080-exec-172] .w.s.m.s.DefaultHandlerExceptionResolver : Resolved [org.springframework.web.HttpRequestMethodNotSupportedException: Request method 'POST' is not supported]
2026-06-05T14:48:54.340Z  INFO 9892 --- [plus33-api] [o-8080-exec-149] o.apache.coyote.http11.Http11Processor   : Error parsing HTTP request header
 Note: further occurrences of HTTP request parsing errors will be logged at DEBUG level.

java.lang.IllegalArgumentException: Invalid character found in method name [0x160x030x010x000xee0x010x000x000xea0x030x030xebY0xaf|0xa60xc40x180x030xff0xf20x7f0xe70xa30xff0xf4I0xad0xe7f0xe1x0xaf0xef0x100xa30xfd!0xc70xe10x960x830x0f ]. HTTP method names must be tokens
	at org.apache.coyote.http11.Http11InputBuffer.parseRequestLine(Http11InputBuffer.java:402) ~[tomcat-embed-core-10.1.54.jar!/:na]
	at org.apache.coyote.http11.Http11Processor.service(Http11Processor.java:272) ~[tomcat-embed-core-10.1.54.jar!/:na]
	at org.apache.coyote.AbstractProcessorLight.process(AbstractProcessorLight.java:63) ~[tomcat-embed-core-10.1.54.jar!/:na]
	at org.apache.coyote.AbstractProtocol$ConnectionHandler.process(AbstractProtocol.java:903) ~[tomcat-embed-core-10.1.54.jar!/:na]
	at org.apache.tomcat.util.net.NioEndpoint$SocketProcessor.doRun(NioEndpoint.java:1797) ~[tomcat-embed-core-10.1.54.jar!/:na]
	at org.apache.tomcat.util.net.SocketProcessorBase.run(SocketProcessorBase.java:52) ~[tomcat-embed-core-10.1.54.jar!/:na]
	at org.apache.tomcat.util.threads.ThreadPoolExecutor.runWorker(ThreadPoolExecutor.java:973) ~[tomcat-embed-core-10.1.54.jar!/:na]
	at org.apache.tomcat.util.threads.ThreadPoolExecutor$Worker.run(ThreadPoolExecutor.java:491) ~[tomcat-embed-core-10.1.54.jar!/:na]
	at org.apache.tomcat.util.threads.TaskThread$WrappingRunnable.run(TaskThread.java:63) ~[tomcat-embed-core-10.1.54.jar!/:na]
	at java.base/java.lang.Thread.run(Thread.java:1583) ~[na:na]

2026-06-05T14:56:28.163Z  WARN 9892 --- [plus33-api] [o-8080-exec-172] .w.s.m.s.DefaultHandlerExceptionResolver : Resolved [org.springframework.web.HttpRequestMethodNotSupportedException: Request method 'POST' is not supported]
2026-06-05T14:56:29.041Z  WARN 9892 --- [plus33-api] [o-8080-exec-149] .w.s.m.s.DefaultHandlerExceptionResolver : Resolved [org.springframework.web.HttpRequestMethodNotSupportedException: Request method 'POST' is not supported]
2026-06-05T15:41:08.320Z  INFO 9892 --- [plus33-api] [o-8080-exec-155] o.apache.coyote.http11.Http11Processor   : Error parsing HTTP request header
 Note: further occurrences of HTTP request parsing errors will be logged at DEBUG level.

java.lang.IllegalArgumentException: Invalid character found in method name [0x050x020x000x02...]. HTTP method names must be tokens
	at org.apache.coyote.http11.Http11InputBuffer.parseRequestLine(Http11InputBuffer.java:402) ~[tomcat-embed-core-10.1.54.jar!/:na]
	at org.apache.coyote.http11.Http11Processor.service(Http11Processor.java:272) ~[tomcat-embed-core-10.1.54.jar!/:na]
	at org.apache.coyote.AbstractProcessorLight.process(AbstractProcessorLight.java:63) ~[tomcat-embed-core-10.1.54.jar!/:na]
	at org.apache.coyote.AbstractProtocol$ConnectionHandler.process(AbstractProtocol.java:903) ~[tomcat-embed-core-10.1.54.jar!/:na]
	at org.apache.tomcat.util.net.NioEndpoint$SocketProcessor.doRun(NioEndpoint.java:1797) ~[tomcat-embed-core-10.1.54.jar!/:na]
	at org.apache.tomcat.util.net.SocketProcessorBase.run(SocketProcessorBase.java:52) ~[tomcat-embed-core-10.1.54.jar!/:na]
	at org.apache.tomcat.util.threads.ThreadPoolExecutor.runWorker(ThreadPoolExecutor.java:973) ~[tomcat-embed-core-10.1.54.jar!/:na]
	at org.apache.tomcat.util.threads.ThreadPoolExecutor$Worker.run(ThreadPoolExecutor.java:491) ~[tomcat-embed-core-10.1.54.jar!/:na]
	at org.apache.tomcat.util.threads.TaskThread$WrappingRunnable.run(TaskThread.java:63) ~[tomcat-embed-core-10.1.54.jar!/:na]
	at java.base/java.lang.Thread.run(Thread.java:1583) ~[na:na]

2026-06-05T15:41:08.315Z  INFO 9892 --- [plus33-api] [o-8080-exec-149] o.apache.coyote.http11.Http11Processor   : Error parsing HTTP request header
 Note: further occurrences of HTTP request parsing errors will be logged at DEBUG level.

java.lang.IllegalArgumentException: Invalid character found in method name [0x050x010x00...]. HTTP method names must be tokens
	at org.apache.coyote.http11.Http11InputBuffer.parseRequestLine(Http11InputBuffer.java:402) ~[tomcat-embed-core-10.1.54.jar!/:na]
	at org.apache.coyote.http11.Http11Processor.service(Http11Processor.java:272) ~[tomcat-embed-core-10.1.54.jar!/:na]
	at org.apache.coyote.AbstractProcessorLight.process(AbstractProcessorLight.java:63) ~[tomcat-embed-core-10.1.54.jar!/:na]
	at org.apache.coyote.AbstractProtocol$ConnectionHandler.process(AbstractProtocol.java:903) ~[tomcat-embed-core-10.1.54.jar!/:na]
	at org.apache.tomcat.util.net.NioEndpoint$SocketProcessor.doRun(NioEndpoint.java:1797) ~[tomcat-embed-core-10.1.54.jar!/:na]
	at org.apache.tomcat.util.net.SocketProcessorBase.run(SocketProcessorBase.java:52) ~[tomcat-embed-core-10.1.54.jar!/:na]
	at org.apache.tomcat.util.threads.ThreadPoolExecutor.runWorker(ThreadPoolExecutor.java:973) ~[tomcat-embed-core-10.1.54.jar!/:na]
	at org.apache.tomcat.util.threads.ThreadPoolExecutor$Worker.run(ThreadPoolExecutor.java:491) ~[tomcat-embed-core-10.1.54.jar!/:na]
	at org.apache.tomcat.util.threads.TaskThread$WrappingRunnable.run(TaskThread.java:63) ~[tomcat-embed-core-10.1.54.jar!/:na]
	at java.base/java.lang.Thread.run(Thread.java:1583) ~[na:na]

2026-06-05T15:41:08.313Z  INFO 9892 --- [plus33-api] [o-8080-exec-187] o.apache.coyote.http11.Http11Processor   : Error parsing HTTP request header
 Note: further occurrences of HTTP request parsing errors will be logged at DEBUG level.

java.lang.IllegalArgumentException: Invalid character found in method name [0x050x020x000x02...]. HTTP method names must be tokens
	at org.apache.coyote.http11.Http11InputBuffer.parseRequestLine(Http11InputBuffer.java:402) ~[tomcat-embed-core-10.1.54.jar!/:na]
	at org.apache.coyote.http11.Http11Processor.service(Http11Processor.java:272) ~[tomcat-embed-core-10.1.54.jar!/:na]
	at org.apache.coyote.AbstractProcessorLight.process(AbstractProcessorLight.java:63) ~[tomcat-embed-core-10.1.54.jar!/:na]
	at org.apache.coyote.AbstractProtocol$ConnectionHandler.process(AbstractProtocol.java:903) ~[tomcat-embed-core-10.1.54.jar!/:na]
	at org.apache.tomcat.util.net.NioEndpoint$SocketProcessor.doRun(NioEndpoint.java:1797) ~[tomcat-embed-core-10.1.54.jar!/:na]
	at org.apache.tomcat.util.net.SocketProcessorBase.run(SocketProcessorBase.java:52) ~[tomcat-embed-core-10.1.54.jar!/:na]
	at org.apache.tomcat.util.threads.ThreadPoolExecutor.runWorker(ThreadPoolExecutor.java:973) ~[tomcat-embed-core-10.1.54.jar!/:na]
	at org.apache.tomcat.util.threads.ThreadPoolExecutor$Worker.run(ThreadPoolExecutor.java:491) ~[tomcat-embed-core-10.1.54.jar!/:na]
	at org.apache.tomcat.util.threads.TaskThread$WrappingRunnable.run(TaskThread.java:63) ~[tomcat-embed-core-10.1.54.jar!/:na]
	at java.base/java.lang.Thread.run(Thread.java:1583) ~[na:na]

2026-06-05T17:49:32.393Z  WARN 9892 --- [plus33-api] [o-8080-exec-166] .w.s.m.s.DefaultHandlerExceptionResolver : Resolved [org.springframework.web.HttpRequestMethodNotSupportedException: Request method 'POST' is not supported]
2026-06-05T18:37:12.079Z  WARN 9892 --- [plus33-api] [o-8080-exec-172] .w.s.m.s.DefaultHandlerExceptionResolver : Resolved [org.springframework.web.HttpRequestMethodNotSupportedException: Request method 'POST' is not supported]
2026-06-05T18:53:40.136Z  WARN 9892 --- [plus33-api] [o-8080-exec-149] .w.s.m.s.DefaultHandlerExceptionResolver : Resolved [org.springframework.web.HttpRequestMethodNotSupportedException: Request method 'POST' is not supported]
2026-06-05T20:28:35.239Z  WARN 9892 --- [plus33-api] [o-8080-exec-154] .w.s.m.s.DefaultHandlerExceptionResolver : Resolved [org.springframework.web.HttpRequestMethodNotSupportedException: Request method 'POST' is not supported]
2026-06-05T22:03:00.090Z  INFO 9892 --- [plus33-api] [o-8080-exec-149] o.apache.coyote.http11.Http11Processor   : Error parsing HTTP request header
 Note: further occurrences of HTTP request parsing errors will be logged at DEBUG level.

java.lang.IllegalArgumentException: Invalid character found in method name [MGLNDD_34.93.105.254_80800x0a...]. HTTP method names must be tokens
	at org.apache.coyote.http11.Http11InputBuffer.parseRequestLine(Http11InputBuffer.java:402) ~[tomcat-embed-core-10.1.54.jar!/:na]
	at org.apache.coyote.http11.Http11Processor.service(Http11Processor.java:272) ~[tomcat-embed-core-10.1.54.jar!/:na]
	at org.apache.coyote.AbstractProcessorLight.process(AbstractProcessorLight.java:63) ~[tomcat-embed-core-10.1.54.jar!/:na]
	at org.apache.coyote.AbstractProtocol$ConnectionHandler.process(AbstractProtocol.java:903) ~[tomcat-embed-core-10.1.54.jar!/:na]
	at org.apache.tomcat.util.net.NioEndpoint$SocketProcessor.doRun(NioEndpoint.java:1797) ~[tomcat-embed-core-10.1.54.jar!/:na]
	at org.apache.tomcat.util.net.SocketProcessorBase.run(SocketProcessorBase.java:52) ~[tomcat-embed-core-10.1.54.jar!/:na]
	at org.apache.tomcat.util.threads.ThreadPoolExecutor.runWorker(ThreadPoolExecutor.java:973) ~[tomcat-embed-core-10.1.54.jar!/:na]
	at org.apache.tomcat.util.threads.ThreadPoolExecutor$Worker.run(ThreadPoolExecutor.java:491) ~[tomcat-embed-core-10.1.54.jar!/:na]
	at org.apache.tomcat.util.threads.TaskThread$WrappingRunnable.run(TaskThread.java:63) ~[tomcat-embed-core-10.1.54.jar!/:na]
	at java.base/java.lang.Thread.run(Thread.java:1583) ~[na:na]

2026-06-05T23:00:21.222Z  WARN 9892 --- [plus33-api] [o-8080-exec-203] .w.s.m.s.DefaultHandlerExceptionResolver : Resolved [org.springframework.web.HttpRequestMethodNotSupportedException: Request method 'POST' is not supported]
2026-06-06T00:03:13.327Z  INFO 9892 --- [plus33-api] [o-8080-exec-202] o.apache.coyote.http11.Http11Processor   : Error parsing HTTP request header
 Note: further occurrences of HTTP request parsing errors will be logged at DEBUG level.

java.lang.IllegalArgumentException: Invalid character found in method name [0x160x030x010x000xee0x010x000x000xea0x030x030xb0r0x0f0xcb0x8f0xc10xbc0x960xdc0xb7(90xc0&>b0xf9i0xc10xbb0xd00xe2p0xfa0xb50xf60xb1\0xe4qW0xb3 ]. HTTP method names must be tokens
	at org.apache.coyote.http11.Http11InputBuffer.parseRequestLine(Http11InputBuffer.java:402) ~[tomcat-embed-core-10.1.54.jar!/:na]
	at org.apache.coyote.http11.Http11Processor.service(Http11Processor.java:272) ~[tomcat-embed-core-10.1.54.jar!/:na]
	at org.apache.coyote.AbstractProcessorLight.process(AbstractProcessorLight.java:63) ~[tomcat-embed-core-10.1.54.jar!/:na]
	at org.apache.coyote.AbstractProtocol$ConnectionHandler.process(AbstractProtocol.java:903) ~[tomcat-embed-core-10.1.54.jar!/:na]
	at org.apache.tomcat.util.net.NioEndpoint$SocketProcessor.doRun(NioEndpoint.java:1797) ~[tomcat-embed-core-10.1.54.jar!/:na]
	at org.apache.tomcat.util.net.SocketProcessorBase.run(SocketProcessorBase.java:52) ~[tomcat-embed-core-10.1.54.jar!/:na]
	at org.apache.tomcat.util.threads.ThreadPoolExecutor.runWorker(ThreadPoolExecutor.java:973) ~[tomcat-embed-core-10.1.54.jar!/:na]
	at org.apache.tomcat.util.threads.ThreadPoolExecutor$Worker.run(ThreadPoolExecutor.java:491) ~[tomcat-embed-core-10.1.54.jar!/:na]
	at org.apache.tomcat.util.threads.TaskThread$WrappingRunnable.run(TaskThread.java:63) ~[tomcat-embed-core-10.1.54.jar!/:na]
	at java.base/java.lang.Thread.run(Thread.java:1583) ~[na:na]

2026-06-06T01:57:49.654Z  WARN 9892 --- [plus33-api] [o-8080-exec-149] .w.s.m.s.DefaultHandlerExceptionResolver : Resolved [org.springframework.web.HttpRequestMethodNotSupportedException: Request method 'POST' is not supported]
2026-06-06T04:54:00.200Z  WARN 9892 --- [plus33-api] [o-8080-exec-172] .w.s.m.s.DefaultHandlerExceptionResolver : Resolved [org.springframework.web.HttpRequestMethodNotSupportedException: Request method 'POST' is not supported]
2026-06-06T05:30:56.867Z  INFO 9892 --- [plus33-api] [o-8080-exec-172] o.apache.coyote.http11.Http11Processor   : Error parsing HTTP request header
 Note: further occurrences of HTTP request parsing errors will be logged at DEBUG level.

java.lang.IllegalArgumentException: Invalid character found in method name [0x160x030x010x000xee0x010x000x000xea0x030x030xcc0xf7e0xc8DH0x940xf60x8d0xd10x0f0x1aK-CV0x0d+u0x16|Y0xfd0x960x7f$0xd80xd40x080xb00xc8= ]. HTTP method names must be tokens
	at org.apache.coyote.http11.Http11InputBuffer.parseRequestLine(Http11InputBuffer.java:402) ~[tomcat-embed-core-10.1.54.jar!/:na]
	at org.apache.coyote.http11.Http11Processor.service(Http11Processor.java:272) ~[tomcat-embed-core-10.1.54.jar!/:na]
	at org.apache.coyote.AbstractProcessorLight.process(AbstractProcessorLight.java:63) ~[tomcat-embed-core-10.1.54.jar!/:na]
	at org.apache.coyote.AbstractProtocol$ConnectionHandler.process(AbstractProtocol.java:903) ~[tomcat-embed-core-10.1.54.jar!/:na]
	at org.apache.tomcat.util.net.NioEndpoint$SocketProcessor.doRun(NioEndpoint.java:1797) ~[tomcat-embed-core-10.1.54.jar!/:na]
	at org.apache.tomcat.util.net.SocketProcessorBase.run(SocketProcessorBase.java:52) ~[tomcat-embed-core-10.1.54.jar!/:na]
	at org.apache.tomcat.util.threads.ThreadPoolExecutor.runWorker(ThreadPoolExecutor.java:973) ~[tomcat-embed-core-10.1.54.jar!/:na]
	at org.apache.tomcat.util.threads.ThreadPoolExecutor$Worker.run(ThreadPoolExecutor.java:491) ~[tomcat-embed-core-10.1.54.jar!/:na]
	at org.apache.tomcat.util.threads.TaskThread$WrappingRunnable.run(TaskThread.java:63) ~[tomcat-embed-core-10.1.54.jar!/:na]
	at java.base/java.lang.Thread.run(Thread.java:1583) ~[na:na]

2026-06-06T05:50:25.944Z  WARN 9892 --- [plus33-api] [o-8080-exec-192] .w.s.m.s.DefaultHandlerExceptionResolver : Resolved [org.springframework.web.HttpRequestMethodNotSupportedException: Request method 'POST' is not supported]
2026-06-06T08:00:50.108Z  WARN 9892 --- [plus33-api] [o-8080-exec-149] .w.s.m.s.DefaultHandlerExceptionResolver : Resolved [org.springframework.web.HttpRequestMethodNotSupportedException: Request method 'POST' is not supported]
2026-06-06T08:10:57.775Z  WARN 9892 --- [plus33-api] [o-8080-exec-203] .w.s.m.s.DefaultHandlerExceptionResolver : Resolved [org.springframework.web.HttpRequestMethodNotSupportedException: Request method 'POST' is not supported]
2026-06-06T09:24:23.328Z  WARN 9892 --- [plus33-api] [o-8080-exec-199] .w.s.m.s.DefaultHandlerExceptionResolver : Resolved [org.springframework.web.HttpRequestMethodNotSupportedException: Request method 'POST' is not supported]
2026-06-06T09:24:23.608Z  WARN 9892 --- [plus33-api] [o-8080-exec-204] .w.s.m.s.DefaultHandlerExceptionResolver : Resolved [org.springframework.web.HttpRequestMethodNotSupportedException: Request method 'POST' is not supported]
2026-06-06T09:24:23.880Z  WARN 9892 --- [plus33-api] [o-8080-exec-155] .w.s.m.s.DefaultHandlerExceptionResolver : Resolved [org.springframework.web.HttpRequestMethodNotSupportedException: Request method 'POST' is not supported]
2026-06-06T09:24:24.402Z  WARN 9892 --- [plus33-api] [o-8080-exec-202] .w.s.m.s.DefaultHandlerExceptionResolver : Resolved [org.springframework.web.HttpRequestMethodNotSupportedException: Request method 'POST' is not supported]
2026-06-06T10:35:36.632Z  WARN 9892 --- [plus33-api] [o-8080-exec-203] .w.s.m.s.DefaultHandlerExceptionResolver : Resolved [org.springframework.web.HttpRequestMethodNotSupportedException: Request method 'POST' is not supported]
2026-06-06T10:35:37.032Z  WARN 9892 --- [plus33-api] [o-8080-exec-202] .w.s.m.s.DefaultHandlerExceptionResolver : Resolved [org.springframework.web.HttpRequestMethodNotSupportedException: Request method 'POST' is not supported]
2026-06-06T10:35:37.419Z  WARN 9892 --- [plus33-api] [o-8080-exec-149] .w.s.m.s.DefaultHandlerExceptionResolver : Resolved [org.springframework.web.HttpRequestMethodNotSupportedException: Request method 'POST' is not supported]
2026-06-06T10:35:38.189Z  WARN 9892 --- [plus33-api] [o-8080-exec-172] .w.s.m.s.DefaultHandlerExceptionResolver : Resolved [org.springframework.web.HttpRequestMethodNotSupportedException: Request method 'POST' is not supported]
2026-06-06T11:04:39.813Z  WARN 9892 --- [plus33-api] [o-8080-exec-199] .w.s.m.s.DefaultHandlerExceptionResolver : Resolved [org.springframework.web.HttpRequestMethodNotSupportedException: Request method 'POST' is not supported]
2026-06-06T11:04:40.096Z  WARN 9892 --- [plus33-api] [o-8080-exec-204] .w.s.m.s.DefaultHandlerExceptionResolver : Resolved [org.springframework.web.HttpRequestMethodNotSupportedException: Request method 'POST' is not supported]
2026-06-06T11:04:40.379Z  WARN 9892 --- [plus33-api] [o-8080-exec-155] .w.s.m.s.DefaultHandlerExceptionResolver : Resolved [org.springframework.web.HttpRequestMethodNotSupportedException: Request method 'POST' is not supported]
2026-06-06T11:04:40.923Z  WARN 9892 --- [plus33-api] [o-8080-exec-202] .w.s.m.s.DefaultHandlerExceptionResolver : Resolved [org.springframework.web.HttpRequestMethodNotSupportedException: Request method 'POST' is not supported]
2026-06-06T11:14:18.813Z  WARN 9892 --- [plus33-api] [o-8080-exec-192] .w.s.m.s.DefaultHandlerExceptionResolver : Resolved [org.springframework.web.HttpRequestMethodNotSupportedException: Request method 'POST' is not supported]
2026-06-06T11:14:19.231Z  WARN 9892 --- [plus33-api] [o-8080-exec-182] .w.s.m.s.DefaultHandlerExceptionResolver : Resolved [org.springframework.web.HttpRequestMethodNotSupportedException: Request method 'POST' is not supported]
2026-06-06T11:14:19.656Z  WARN 9892 --- [plus33-api] [o-8080-exec-199] .w.s.m.s.DefaultHandlerExceptionResolver : Resolved [org.springframework.web.HttpRequestMethodNotSupportedException: Request method 'POST' is not supported]
2026-06-06T11:14:20.475Z  WARN 9892 --- [plus33-api] [o-8080-exec-155] .w.s.m.s.DefaultHandlerExceptionResolver : Resolved [org.springframework.web.HttpRequestMethodNotSupportedException: Request method 'POST' is not supported]
